Song,Artist,Label,YouTube_URL
Break Da Law,21 Savage,1,https://www.youtube.com/watch?v=whxKTWgG1ds
Out For The Night,21 Savage,1,https://www.youtube.com/watch?v=BXd04k_NFLE
1.5,21 Savage,0,https://www.youtube.com/watch?v=X473_RaP3K0
A Lot,21 Savage,1,https://www.youtube.com/watch?v=DmWWqogr_r8
Can't Leave Without It,21 Savage,1,https://www.youtube.com/watch?v=l5M64JuiZAE
Gun Smoke,21 Savage,0,https://www.youtube.com/watch?v=7iHE4OtP_F0
ASMR,21 Savage,0,https://www.youtube.com/watch?v=UlT8BgOXAoo
All My Friends,21 Savage,1,https://www.youtube.com/watch?v=udOSsEXaUxE
Bank Account,21 Savage,1,https://www.youtube.com/watch?v=H1KBHFXm2Bg
Red Opps,21 Savage,0,https://www.youtube.com/watch?v=mWISiHcGoNg
Monster,21 Savage,0,https://www.youtube.com/watch?v=EfikUUvjh34
No Heart,21 Savage & Metro Boomin,1,https://www.youtube.com/watch?v=6wtwpUwxQik
Mr. Right Now,21 Savage & Metro Boomin Featuring Drake,1,https://www.youtube.com/watch?v=f4RmrWhQxrM
X,21 Savage & Metro Boomin Featuring Future,1,https://www.youtube.com/watch?v=SpXw0qiy3Wo
Mood,24kGoldn Featuring iann dior,1,https://www.youtube.com/watch?v=GrAchTdepsU
Youngblood,5 Seconds Of Summer,1,https://www.youtube.com/watch?v=-RJSbO8UZVY
Kooda,6ix9ine,1,https://www.youtube.com/watch?v=yz7Cn3pHibo
Gummo,6ix9ine,0,https://www.youtube.com/watch?v=gAs9HZC9c7Y
Look Back At It,A Boogie Wit da Hoodie,1,https://www.youtube.com/watch?v=RWDXD8tAkPo
Swervin,A Boogie Wit da Hoodie Featuring 6ix9ine,1,https://www.youtube.com/watch?v=mk9YcoZCuzA
Demons And Angels,A Boogie Wit da Hoodie Featuring Juice WRLD,1,https://www.youtube.com/watch?v=zGcAr9qzIAY
Startender,A Boogie Wit da Hoodie Featuring Offset & Tyga,1,https://www.youtube.com/watch?v=DEoAbqwmZro
Plain Jane,A$AP Ferg Featuring Nicki Minaj,1,https://www.youtube.com/watch?v=XDMGmtpvBjs
Bang!,AJR,1,https://www.youtube.com/watch?v=4THFRpw68oQ
Do It To It,Acraze Featuring Cherish,1,https://www.youtube.com/watch?v=cBSYJqv0Fjc
Tennessee Rain,Addison Agen,1,https://www.youtube.com/watch?v=9ZxCctmt9_U
Oh My God,Adele,1,https://www.youtube.com/watch?v=niG3YMU6jFk
Easy On Me,Adele,0,https://www.youtube.com/watch?v=U3ASj1L6_sY
Water Under The Bridge,Adele,0,https://www.youtube.com/watch?v=LFT-Fs-A59g
When We Were Young,Adele,1,https://www.youtube.com/watch?v=DDWKuo3gXMQ
Set Fire To The Rain,Adele,0,https://www.youtube.com/watch?v=Ri7-vnrJD3k
Hello,Adele,1,https://www.youtube.com/watch?v=YQHsXMglC9A
Scars To Your Beautiful,Alessia Cara,1,https://www.youtube.com/watch?v=MWASeaYuHZo
Here,Alessia Cara,1,https://www.youtube.com/watch?v=UKp2CrfmVfw
How Far I'll Go,Alessia Cara,0,https://www.youtube.com/watch?v=ZNra8eK0K6k
Heroes (We Could Be),Alesso Featuring Tove Lo,1,https://www.youtube.com/watch?v=a7SouU3ECpU
Caroline,Amine,1,https://www.youtube.com/watch?v=3j8ecF8Wt4E
Fresh Eyes,Andy Grammer,0,https://www.youtube.com/watch?v=5bgemCaaQkU
Good To Be Alive (Hallelujah),Andy Grammer,1,https://www.youtube.com/watch?v=YDu93pdyBDE
Happy Holiday / The Holiday Season,Andy Williams,1,https://www.youtube.com/watch?v=oZ5cmrz-mrU
It's The Most Wonderful Time Of The Year,Andy Williams,0,https://www.youtube.com/watch?v=cbZTfrhcamA
Yellow Hearts,Ant Saunders,1,https://www.youtube.com/watch?v=FDWTP4_5eps
Ella Quiere Beber,Anuel AA & Romeo Santos,1,https://www.youtube.com/watch?v=0w3XwPVxcsw
La Jumpa,Arcangel & Bad Bunny,1,https://www.youtube.com/watch?v=ubbE6gyBf8k
Imagine,Ariana Grande,1,https://www.youtube.com/watch?v=fGeH483gNOg
Focus,Ariana Grande,1,https://www.youtube.com/watch?v=lf_wVfwpfp8
Positions,Ariana Grande,1,https://www.youtube.com/watch?v=tcYodQoapMg
Santa Tell Me,Ariana Grande,0,https://www.youtube.com/watch?v=nlR0MkrRklg
"Thank U, Next",Ariana Grande,0,https://www.youtube.com/watch?v=EEhZAHZQyf4
Breathin,Ariana Grande,1,https://www.youtube.com/watch?v=1BYr1br2Ee4
Love Me Harder,Ariana Grande & The Weeknd,1,https://www.youtube.com/watch?v=g5qU7p7yOY8
34+35,Ariana Grande Feat. Doja Cat & Megan Thee Stallion,1,https://www.youtube.com/watch?v=ssq6X6alZ3w
Side To Side,Ariana Grande Featuring Nicki Minaj,1,https://www.youtube.com/watch?v=SXiSVQZLje8
Roxanne,Arizona Zervas,1,https://www.youtube.com/watch?v=16YnOUnbE6s
No Love,August Alsina,1,https://www.youtube.com/watch?v=nxvm4P0jFKY
How Far I'll Go,Auli'i Cravalho,1,https://www.youtube.com/watch?v=cPAbx5kgCJo
Sweet But Psycho,Ava Max,1,https://www.youtube.com/watch?v=WXBHCQYxwr0
My Head And My Heart,Ava Max,0,https://www.youtube.com/watch?v=w8mBplMtwJ8
Kings & Queens,Ava Max,1,https://www.youtube.com/watch?v=jH1RNk8954Q
Throat Baby (Go Baby),BRS Kash,1,https://www.youtube.com/watch?v=fmNzZOZj3W0
Dynamite,BTS,1,https://www.youtube.com/watch?v=gdZLi9oWNZg
Permission To Dance,BTS,0,https://www.youtube.com/watch?v=CuklIb9d3fI
Butter,BTS,0,https://www.youtube.com/watch?v=WMweEpGlu_U
MIC Drop,BTS Featuring Desiigner,1,https://www.youtube.com/watch?v=kTlv5_Bs8aw
Family Ties,Baby Keem & Kendrick Lamar,1,https://www.youtube.com/watch?v=v6HBZC9pZHQ
Vete,Bad Bunny,1,https://www.youtube.com/watch?v=f5aDUB1NCnk
Yo No Soy Celoso,Bad Bunny,0,https://www.youtube.com/watch?v=kLUeP9E9f5k
Dos Mil 16,Bad Bunny,0,https://www.youtube.com/watch?v=czx0dQe-3uk
Moscow Mule,Bad Bunny,0,https://www.youtube.com/watch?v=p38WgakuYDo
Where She Goes,Bad Bunny,0,https://www.youtube.com/watch?v=bef8QLNHubw
Monaco,Bad Bunny,1,https://www.youtube.com/watch?v=_PJvpq8uOZM
Neverita,Bad Bunny,0,https://www.youtube.com/watch?v=ARWg160eaX4
Efecto,Bad Bunny,0,https://www.youtube.com/watch?v=Nk8C9FdCdJQ
Un Ratito,Bad Bunny,0,https://www.youtube.com/watch?v=No-C01BMynA
Un Coco,Bad Bunny,0,https://www.youtube.com/watch?v=lH3d69sbvX4
Despues de La Playa,Bad Bunny,0,https://www.youtube.com/watch?v=a5rlgE6dcBY
Yonaguni,Bad Bunny,0,https://www.youtube.com/watch?v=doLMt10ytHY
Titi Me Pregunto,Bad Bunny,0,https://www.youtube.com/watch?v=Cr8K88UcO0s
Dakiti,Bad Bunny & Jhay Cortez,1,https://www.youtube.com/watch?v=TmKh7lAwnBI
Tarot,Bad Bunny & Jhay Cortez,0,https://www.youtube.com/watch?v=OnsVcDLXyLw
MIA,Bad Bunny Featuring Drake,1,https://www.youtube.com/watch?v=OSUxrSe5GbI
Rock And A Hard Place,Bailey Zimmerman,1,https://www.youtube.com/watch?v=QyapQFCHUlg
Beautiful,Bazzi Featuring Camila Cabello,1,https://www.youtube.com/watch?v=Uk1hv6h7O1Y
Meant To Be,Bebe Rexha & Florida Georgia Line,1,https://www.youtube.com/watch?v=zDo0H8Fm7d0
Mayores,Becky G Featuring Bad Bunny,1,https://www.youtube.com/watch?v=GMFewiplIbw
11-Jul,Beyonce,1,https://www.youtube.com/watch?v=k4YRWT_Aldo
Cuff It,Beyonce,1,https://www.youtube.com/watch?v=SjqmSPZhF3s
Break My Soul,Beyonce,0,https://www.youtube.com/watch?v=UdkJ3u_TA_U
***Flawless,Beyonce Featuring Nicki Minaj Or Chimamanda Ngozi Adichie,1,https://www.youtube.com/watch?v=IyuUWOnS9BY
Bounce Back,Big Sean,1,https://www.youtube.com/watch?v=phr1pOFK1V8
Play No Games,Big Sean Featuring Chris Brown & Ty Dolla $ign,1,https://www.youtube.com/watch?v=DJi7WupFqPQ
I Don't F**k With You,Big Sean Featuring E-40,1,https://www.youtube.com/watch?v=ZR_X6PrASho
Everything I Wanted,Billie Eilish,1,https://www.youtube.com/watch?v=EgBJmlPo8Xw
Bad Guy,Billie Eilish,1,https://www.youtube.com/watch?v=DyDfgMOUjCI
Therefore I Am,Billie Eilish,0,https://www.youtube.com/watch?v=RUQl6YcMalg
Happier Than Ever,Billie Eilish,0,https://www.youtube.com/watch?v=5GJWxDKyk3A
When The Party's Over,Billie Eilish,1,https://www.youtube.com/watch?v=pbMwTqkKSps
What Was I Made For?,Billie Eilish,0,https://www.youtube.com/watch?v=cW8VLC9nnTo
Lovely,Billie Eilish & Khalid,1,https://www.youtube.com/watch?v=V1Pl8CzNzCw
Mele Kalikimaka (Merry Christmas),Bing Crosby & The Andrews Sisters,1,https://www.youtube.com/watch?v=FezVApPddqU
I'll Be Home For Christmas,Bing Crosby With John Scott Trotter And His Orchestra,1,https://www.youtube.com/watch?v=KK_IvzPLBPQ
White Christmas,Bing Crosby With Ken Darby Singers & John Scott Trotter & His Orchestra,1,https://www.youtube.com/watch?v=K8WefATo530
RITMO (Bad Boys For Life),Black Eyed Peas X J Balvin,1,https://www.youtube.com/watch?v=EzKkl64rRbM
A Guy With A Girl,Blake Shelton,1,https://www.youtube.com/watch?v=dnDYhIQ-YOI
Gonna,Blake Shelton,0,https://www.youtube.com/watch?v=iUgQLz5y7QI
I'll Name The Dogs,Blake Shelton,1,https://www.youtube.com/watch?v=pAsN4lSa7O0
Lonely Tonight,Blake Shelton Featuring Ashley Monroe,1,https://www.youtube.com/watch?v=G91KZ56mNbw
Chosen,Blxst & Tyga Featuring Ty Dolla $ign,1,https://www.youtube.com/watch?v=kUhHdASVjGs
Jingle Bell Rock,Bobby Helms,1,https://www.youtube.com/watch?v=ZnDmmiiFSUU
Hot Boy,Bobby Shmurda,1,https://www.youtube.com/watch?v=vJwKKKd2ZYE
Perfect Storm,Brad Paisley,1,https://www.youtube.com/watch?v=inAj-sbwP7I
Rockin' Around The Christmas Tree,Brenda Lee,1,https://www.youtube.com/watch?v=TFsZy9t-qDc
Mean To Me,Brett Eldredge,1,https://www.youtube.com/watch?v=UwleDNQGpTk
Wanna Be That Song,Brett Eldredge,0,https://www.youtube.com/watch?v=n-RnmA8j0ZQ
Like I Loved You,Brett Young,1,https://www.youtube.com/watch?v=PG2azZM4w4o
Sleep Without You,Brett Young,1,https://www.youtube.com/watch?v=H06Ep1MTRW0
Stay A Little Longer,Brothers Osborne,1,https://www.youtube.com/watch?v=zY6cMMtLCcQ
24K Magic,Bruno Mars,1,https://www.youtube.com/watch?v=UqyT8IEBkvY
Versace On The Floor,Bruno Mars,1,https://www.youtube.com/watch?v=-FyjEnoIgTM
Talking To The Moon,Bruno Mars,0,https://www.youtube.com/watch?v=hk9K032K7UM
When I Was Your Man,Bruno Mars,0,https://www.youtube.com/watch?v=ekzHIouo8Q4
That's What I Like,Bruno Mars,1,https://www.youtube.com/watch?v=PMivT7MJ41M
Don't,Bryson Tiller,1,https://www.youtube.com/watch?v=d7cVLE4SaN0
Sorry Not Sorry,Bryson Tiller,1,https://www.youtube.com/watch?v=U4MHrrIQuis
Exchange,Bryson Tiller,0,https://www.youtube.com/watch?v=aj9coPGuFkM
A Holly Jolly Christmas,Burl Ives,1,https://www.youtube.com/watch?v=e_AMTbO50vU
Whoopty,CJ,1,https://www.youtube.com/watch?v=2xWkATdMQms
Love Nwantiti (Ah Ah Ah),CKay,1,https://www.youtube.com/watch?v=D-YDEyuDxWU
Envy Me,Calboy,1,https://www.youtube.com/watch?v=FhPvceQcfzE
Que Onda,Calle 24 x Chino Pacas x Fuerza Regida,1,https://www.youtube.com/watch?v=KQMp0JYwTrw
Blame,Calvin Harris Featuring John Newman,1,https://www.youtube.com/watch?v=6ACl8s_tBzE
Burning House,Cam,1,https://www.youtube.com/watch?v=uyGSe76rAJc
I'll Be Home For Christmas,Camila Cabello,1,https://www.youtube.com/watch?v=CfBfjcyEQe4
Consequences,Camila Cabello,1,https://www.youtube.com/watch?v=k73EBmeJ950
Never Be The Same,Camila Cabello,0,https://www.youtube.com/watch?v=Ph54wQG8ynk
My Oh My,Camila Cabello Featuring DaBaby,1,https://www.youtube.com/watch?v=6fd2kkLmSDQ
Havana,Camila Cabello Featuring Young Thug,1,https://www.youtube.com/watch?v=BQ0mxQXmLsk
Money,Cardi B,1,https://www.youtube.com/watch?v=zUOh09GoQgk
Bodak Yellow (Money Moves),Cardi B,1,https://www.youtube.com/watch?v=PEGccV-NOm8
Up,Cardi B,0,https://www.youtube.com/watch?v=rCiBgLOcuKU
WAP,Cardi B Featuring Megan Thee Stallion,1,https://www.youtube.com/watch?v=hsm4poTWjMs
I Like It,"Cardi B, Bad Bunny & J Balvin",1,https://www.youtube.com/watch?v=xTlNMmZKwpA
Que Vuelvas,Carin Leon X Grupo Frontera,1,https://www.youtube.com/watch?v=gG3516BF5_w
Silent Night,Carrie Underwood,1,https://www.youtube.com/watch?v=_xDje0-UtCQ
Dirty Laundry,Carrie Underwood,1,https://www.youtube.com/watch?v=lNzHARgbCG8
Smoke Break,Carrie Underwood,0,https://www.youtube.com/watch?v=3ealNayCkaU
Favorite Time Of Year,Carrie Underwood,0,https://www.youtube.com/watch?v=ZepsFL00VzI
Something In The Water,Carrie Underwood,1,https://www.youtube.com/watch?v=mH9kYn4L8TI
Hallelujah,Carrie Underwood & John Legend,1,https://www.youtube.com/watch?v=4KiFSKLTj0U
Break The Rules,Charli XCX,1,https://www.youtube.com/watch?v=ABhDiXbUaBE
Light Switch,Charlie Puth,0,https://www.youtube.com/watch?v=WFsAon_TWPQ
How Long,Charlie Puth,1,https://www.youtube.com/watch?v=CwfoyVa980U
Attention,Charlie Puth,1,https://www.youtube.com/watch?v=nfs8NYg7yQM
One Call Away,Charlie Puth,0,https://www.youtube.com/watch?v=BxuY9FET9Y4
DJ Play A Christmas Song,Cher,1,https://www.youtube.com/watch?v=-Z6AnCRjWX0
Redbone,Childish Gambino,1,https://www.youtube.com/watch?v=nRJnZsB52Es
Winter Wonderland,Chloe,1,https://www.youtube.com/watch?v=hkUrdcoXibI
Have Mercy,Chloe,1,https://www.youtube.com/watch?v=FfesqRkdSEk
Wish I Didn't Love You,Chloe Kohanski,1,https://www.youtube.com/watch?v=oZATxwlKNmQ
Back To Sleep,Chris Brown,1,https://www.youtube.com/watch?v=OQLuhelCaDQ
Under The Influence,Chris Brown,1,https://www.youtube.com/watch?v=pfxyk1glEq4
Go Crazy,Chris Brown & Young Thug,1,https://www.youtube.com/watch?v=dPhwbZBvW2o
No Guidance,Chris Brown Featuring Drake,1,https://www.youtube.com/watch?v=6L_k74BOLag
Heat,Chris Brown Featuring Gunna,1,https://www.youtube.com/watch?v=i_vMte-NHkY
Party,Chris Brown Featuring Usher & Gucci Mane,1,https://www.youtube.com/watch?v=Z9eMk051dYg
Pills And Automobiles,"Chris Brown Featuring Yo Gotti, A Boogie Wit da Hoodie & Kodak Black",1,https://www.youtube.com/watch?v=GTexe8c0eqw
Velvet,Chris Jamison,1,https://www.youtube.com/watch?v=PbSIUaYKAVI
Lost Without U,Chris Jamison & Adam Levine,1,https://www.youtube.com/watch?v=nzZNGmqpwl0
"Big, Big Plans",Chris Lane,1,https://www.youtube.com/watch?v=Jh-MYDF0hr4
White Horse,Chris Stapleton,1,https://www.youtube.com/watch?v=8bRf-EX6kkg
You Should Probably Leave,Chris Stapleton,1,https://www.youtube.com/watch?v=8e7S8l4s1OM
Starting Over,Chris Stapleton,0,https://www.youtube.com/watch?v=A3svABDnmio
Lonely Eyes,Chris Young,1,https://www.youtube.com/watch?v=DBaQBKY8wfA
Losing Sleep,Chris Young,0,https://www.youtube.com/watch?v=zKriLekFPwg
Run Rudolph Run,Chuck Berry,1,https://www.youtube.com/watch?v=YiadNVhaGwk
Rather Be,Clean Bandit Featuring Jess Glynne,1,https://www.youtube.com/watch?v=m-M1AtrxztU
Rockabye,Clean Bandit Featuring Sean Paul & Anne-Marie,1,https://www.youtube.com/watch?v=papuvlVeZg8
'Til You Can't,Cody Johnson,1,https://www.youtube.com/watch?v=v2LixP7n_hM
The Painter,Cody Johnson,0,https://www.youtube.com/watch?v=ur1cb_OztPQ
Try,Colbie Caillat,1,https://www.youtube.com/watch?v=GXoZLPSw8U8
Yellow,Coldplay,0,https://www.youtube.com/watch?v=yKNxeF4KMsY
Viva La Vida,Coldplay,0,https://www.youtube.com/watch?v=dvgZkm1xWPE
Adventure Of A Lifetime,Coldplay,1,https://www.youtube.com/watch?v=QtXby3twMmI
My Universe,Coldplay x BTS,1,https://www.youtube.com/watch?v=3YqPKLZF_WU
You Should Be Here,Cole Swindell,1,https://www.youtube.com/watch?v=K8WlCqZPTeg
My Baby's Got A Smile On Her Face,Craig Wayne Boyd,1,https://www.youtube.com/watch?v=BAZi1J4eL78
Broccoli,D.R.A.M. Featuring Lil Yachty,1,https://www.youtube.com/watch?v=K44j-sb1SRY
Moonwalking In Calabasas,DDG,1,https://www.youtube.com/watch?v=aSo-MVAADyo
Too Much Sauce,DJ ESCO Featuring Future & Lil Uzi Vert,1,https://www.youtube.com/watch?v=Ekqu_Ku7nuY
Hold You Down,"DJ Khaled Featuring Chris Brown, August Alsina, Future & Jeremih",1,https://www.youtube.com/watch?v=V59rND1Mm1I
Do You Mind,"DJ Khaled Featuring Nicki Minaj, Chris Brown, August Alsina, Jeremih, Future & Rick Ross",1,https://www.youtube.com/watch?v=_xGhK6qgPtM
OTW,DJ Luke Nasty,1,https://www.youtube.com/watch?v=Akfeu1zfpLI
Let Me Love You,DJ Snake Featuring Justin Bieber,1,https://www.youtube.com/watch?v=euCqAq6BRa4
Taki Taki,"DJ Snake Featuring Selena Gomez, Ozuna & Cardi B",1,https://www.youtube.com/watch?v=n__gujXP2XU
Do It Like Me,DLOW,1,https://www.youtube.com/watch?v=wvflMAe8xj8
Cake By The Ocean,DNCE,1,https://www.youtube.com/watch?v=vWaRiD5ym74
VIBEZ,DaBaby,1,https://www.youtube.com/watch?v=U2JyeciEwSI
BOP,DaBaby,0,https://www.youtube.com/watch?v=28hYUZMufDg
Baby Sitter,DaBaby Featuring Offset,1,https://www.youtube.com/watch?v=EqHYnsVHXUA
Soldier,Damien,1,https://www.youtube.com/watch?v=FaFL1nilAB0
Speechless,Dan + Shay,1,https://www.youtube.com/watch?v=7UoP9ABJXGE
Nothin' Like You,Dan + Shay,1,https://www.youtube.com/watch?v=0uPHfQSe5rI
Take Me Home For Christmas,Dan + Shay,0,https://www.youtube.com/watch?v=4QJKhKNWy5o
Save Me The Trouble,Dan + Shay,0,https://www.youtube.com/watch?v=2ktDg3OFGCM
Pick Out A Christmas Tree,Dan + Shay,1,https://www.youtube.com/watch?v=gtXz9xPAp8s
"10,000 Hours",Dan + Shay & Justin Bieber,1,https://www.youtube.com/watch?v=Y2E71oe0aSM
Easy,DaniLeigh Featuring Chris Brown,1,https://www.youtube.com/watch?v=7Nbv3reNErw
Homegrown Honey,Darius Rucker,1,https://www.youtube.com/watch?v=KxEwxWWPyhg
Christmas (Baby Please Come Home),Darlene Love,1,https://www.youtube.com/watch?v=vf4ZXBzbAio
I'm Good (Blue),David Guetta & Bebe Rexha,1,https://www.youtube.com/watch?v=90RLzVUuXe4
Dangerous,David Guetta Featuring Sam Martin,1,https://www.youtube.com/watch?v=EVr__5Addjw
Dessert,Dawin,1,https://www.youtube.com/watch?v=NZp_axebSfQ
Hide Away,Daya,1,https://www.youtube.com/watch?v=8zxhX381ZsA
Try Me,DeJ Loaf,1,https://www.youtube.com/watch?v=3Hn9hLOljJI
Back Up,DeJ Loaf Featuring Big Sean,1,https://www.youtube.com/watch?v=JZbJ6q5Cscc
Be Alright,Dean Lewis,1,https://www.youtube.com/watch?v=I0czvJ_jikg
"Let It Snow, Let It Snow, Let It Snow!",Dean Martin,1,https://www.youtube.com/watch?v=Rnil5LyK_B0
Baby It's Cold Outside,Dean Martin,1,https://www.youtube.com/watch?v=UwY0VjJUzXQ
Sorry Not Sorry,Demi Lovato,1,https://www.youtube.com/watch?v=-MsvER1dpjM
Confident,Demi Lovato,1,https://www.youtube.com/watch?v=cwLRQn61oUY
Tell Me You Love Me,Demi Lovato,0,https://www.youtube.com/watch?v=SM1w9PEQOE8
All On Me,Devin Dawson,1,https://www.youtube.com/watch?v=ntCMoh-0ogo
Burning Man,Dierks Bentley Featuring Brothers Osborne,1,https://www.youtube.com/watch?v=2hp7Lotbmgs
Woman,Doja Cat,1,https://www.youtube.com/watch?v=yxW5yuzVi8w
Vegas,Doja Cat,0,https://www.youtube.com/watch?v=QZp2biJul1c
Agora Hills,Doja Cat,1,https://www.youtube.com/watch?v=0c66ksfigtU
Ain't Shit,Doja Cat,0,https://www.youtube.com/watch?v=13MvatpPQv4
Candy,Doja Cat,1,https://www.youtube.com/watch?v=ZRHHOttkM1A
Need To Know,Doja Cat,0,https://www.youtube.com/watch?v=dI3xkL7qUAc
Paint The Town Red,Doja Cat,1,https://www.youtube.com/watch?v=m4_9TFeMfJE
Get Into It (Yuh),Doja Cat,0,https://www.youtube.com/watch?v=9Ko-nEYJ1GE
Streets,Doja Cat,0,https://www.youtube.com/watch?v=jJdlgKzVsnI
Say So,Doja Cat,0,https://www.youtube.com/watch?v=pok8H_KF1FA
Juicy,Doja Cat & Tyga,1,https://www.youtube.com/watch?v=YIALlhlyqO4
No Idea,Don Toliver,1,https://www.youtube.com/watch?v=_r-nPqWGG6c
This Christmas,Donny Hathaway,1,https://www.youtube.com/watch?v=PhKVSZsRxQM
You Broke My Heart,Drake,1,https://www.youtube.com/watch?v=w1-jss2mZlY
Hotline Bling,Drake,1,https://www.youtube.com/watch?v=uxpDa-c-4Mc
Search & Rescue,Drake,0,https://www.youtube.com/watch?v=ntp9_iznQ-0
Fake Love,Drake,1,https://www.youtube.com/watch?v=8xqmcc2qlEQ
Right Hand,Drake,1,https://www.youtube.com/watch?v=WijyreyFnwI
Back To Back,Drake,0,https://www.youtube.com/watch?v=fpXCtZ8johc
What's Next,Drake,0,https://www.youtube.com/watch?v=7EUVJaKJtBY
Spin Bout U,Drake & 21 Savage,1,https://www.youtube.com/watch?v=T8nbNQpRwNo
Rich Flex,Drake & 21 Savage,1,https://www.youtube.com/watch?v=PrSBuEFdRFU
Circo Loco,Drake & 21 Savage,0,https://www.youtube.com/watch?v=8_uijUzZrmY
Jumpman,Drake & Future,1,https://www.youtube.com/watch?v=zDMY6okLp7I
Big Rings,Drake & Future,1,https://www.youtube.com/watch?v=3TsYIQv0sX8
Jimmy Cooks,Drake Featuring 21 Savage,0,https://www.youtube.com/watch?v=V7UgPHjN9qE
Sneakin',Drake Featuring 21 Savage,1,https://www.youtube.com/watch?v=WNW1xRqbt94
Knife Talk,Drake Featuring 21 Savage & Project Pat,1,https://www.youtube.com/watch?v=XqpQpt_cmhE
Way 2 Sexy,Drake Featuring Future & Young Thug,1,https://www.youtube.com/watch?v=vX9msKu75qs
First Person Shooter,Drake Featuring J. Cole,1,https://www.youtube.com/watch?v=Xty2gi5cMa8
Wants And Needs,Drake Featuring Lil Baby,0,https://www.youtube.com/watch?v=cnqUrYjqGaU
Girls Want Girls,Drake Featuring Lil Baby,1,https://www.youtube.com/watch?v=Xn5qif7gmg4
Laugh Now Cry Later,Drake Featuring Lil Durk,1,https://www.youtube.com/watch?v=JFm7YDVlqnI
Rich Baby Daddy,Drake Featuring Sexyy Red & SZA,1,https://www.youtube.com/watch?v=UcsSdIXHCWM
IDGAF,Drake Featuring Yeat,1,https://www.youtube.com/watch?v=fCRCLsJQWUQ
Dance The Night,Dua Lipa,0,https://www.youtube.com/watch?v=OiC1rgCPmUQ
Houdini,Dua Lipa,1,https://www.youtube.com/watch?v=suAR1PYFNYA
Love Again,Dua Lipa,0,https://www.youtube.com/watch?v=BC19kwABFwc
Break My Heart,Dua Lipa,0,https://www.youtube.com/watch?v=Nj2U6rhnucI
We're Good,Dua Lipa,0,https://www.youtube.com/watch?v=jr47YisIsz8
Don't Start Now,Dua Lipa,1,https://www.youtube.com/watch?v=oygrmJFKYZY
Levitating,Dua Lipa,1,https://www.youtube.com/watch?v=TUVcZfQe-Kw
New Rules,Dua Lipa,1,https://www.youtube.com/watch?v=k2qgadSvNyU
Ridin' Roads,Dustin Lynch,1,https://www.youtube.com/watch?v=hK4R6wpG9uI
Good Girl,Dustin Lynch,1,https://www.youtube.com/watch?v=cPLctS4kqk8
Thinking 'Bout You,Dustin Lynch Featuring Lauren Alaina Or MacKenzie Porter,1,https://www.youtube.com/watch?v=nqCQfwhYfXE
You're Welcome,Dwayne Johnson,1,https://www.youtube.com/watch?v=79DijItQXMM
Please Come Home For Christmas,Eagles,1,https://www.youtube.com/watch?v=5LUfDEATQHM
Hotel California,Eagles,0,https://www.youtube.com/watch?v=09839DpTctU
Santa Baby,Eartha Kitt With Henri Rene And His Orchestra,1,https://www.youtube.com/watch?v=HTCFi4l3nkY
Perfect,Ed Sheeran,1,https://www.youtube.com/watch?v=2Vv-BfVoq4g
Shivers,Ed Sheeran,1,https://www.youtube.com/watch?v=Il0S8BoucSA
Bad Habits,Ed Sheeran,1,https://www.youtube.com/watch?v=orJSJGHjBLI
Thinking Out Loud,Ed Sheeran,1,https://www.youtube.com/watch?v=lp-EO5I60KA
Shape Of You,Ed Sheeran,0,https://www.youtube.com/watch?v=JGwWNGJdvx8
Don't,Ed Sheeran,0,https://www.youtube.com/watch?v=iD2rhdFRehU
Eyes Closed,Ed Sheeran,0,https://www.youtube.com/watch?v=u6wOyMUs74I
Afterglow,Ed Sheeran,1,https://www.youtube.com/watch?v=_NGQfFCFUn4
Merry Christmas,Ed Sheeran & Elton John,1,https://www.youtube.com/watch?v=Q_yuO8UNGmY
South Of The Border,Ed Sheeran Featuring Camila Cabello & Cardi B,1,https://www.youtube.com/watch?v=UPOT2tgY9QQ
Ghost,Ella Henderson,1,https://www.youtube.com/watch?v=tA8AfQaUnXM
Trip,Ella Mai,1,https://www.youtube.com/watch?v=W16bk86xIY0
Ex's & Oh's,Elle King,1,https://www.youtube.com/watch?v=0uLI6BnVh6w
On My Mind,Ellie Goulding,1,https://www.youtube.com/watch?v=H202k7KfZL0
Hate Me,Ellie Goulding & Juice WRLD,1,https://www.youtube.com/watch?v=UZwi9SHgzGY
Close To Me,Ellie Goulding X Diplo Featuring Swae Lee,1,https://www.youtube.com/watch?v=ajN57m_OSpY
Hold Me Closer,Elton John & Britney Spears,1,https://www.youtube.com/watch?v=qExVlz3zb0k
Cold Heart (PNAU Remix),Elton John & Dua Lipa,1,https://www.youtube.com/watch?v=qod03PVTLqk
Blue Christmas,Elvis Presley,1,https://www.youtube.com/watch?v=3KK6sMo8NBY
Burning House,Emily Ann Roberts,1,https://www.youtube.com/watch?v=ySNmJgA4pNM
Lose Yourself,Eminem,0,https://www.youtube.com/watch?v=7YuAzR2XVAM
Gnat,Eminem,1,https://www.youtube.com/watch?v=EosMazKaPbU
The Real Slim Shady,Eminem,0,https://www.youtube.com/watch?v=eJO5HU_7_1w
Mockingbird,Eminem,0,https://www.youtube.com/watch?v=S9bCLPwzSC0
Believe,Eminem,1,https://www.youtube.com/watch?v=HbS1V2X_XA4
Walk On Water,Eminem Featuring Beyonce,1,https://www.youtube.com/watch?v=ryr75N0nki0
River,Eminem Featuring Ed Sheeran,1,https://www.youtube.com/watch?v=wfWIs2gFTAM
Talladega,Eric Church,1,https://www.youtube.com/watch?v=rek_Cxrc1pE
Heart On Fire,Eric Church,0,https://www.youtube.com/watch?v=s-XhvCmV4jI
Round Here Buzz,Eric Church,1,https://www.youtube.com/watch?v=0_CksCHnooM
Irresistible,Fall Out Boy,1,https://www.youtube.com/watch?v=i8BGAYXNW74
Centuries,Fall Out Boy,1,https://www.youtube.com/watch?v=LBr7kECsjcQ
Pick It Up,Famous Dex Featuring A$AP Rocky,1,https://www.youtube.com/watch?v=JV_KyU6Y4r8
L.A.LOVE (la la),Fergie,1,https://www.youtube.com/watch?v=GLyP0B2Q-R4
Again,Fetty Wap,1,https://www.youtube.com/watch?v=Cq74Ct7sc3o
Trap Queen,Fetty Wap,0,https://www.youtube.com/watch?v=i_kF4zLNKio
679,Fetty Wap Featuring Remy Boyz,1,https://www.youtube.com/watch?v=Pzz4Z-O7710
Sledgehammer,Fifth Harmony,1,https://www.youtube.com/watch?v=gCJ3rmiZFr8
HandClap,Fitz And The Tantrums,1,https://www.youtube.com/watch?v=Y2V6yjjPbX0
Leave Me Alone,Flipp Dinero,1,https://www.youtube.com/watch?v=9L-pHRITk0g
Never Lose Me,Flo Milli,1,https://www.youtube.com/watch?v=z67xXk8aNIk
My House,Flo Rida,1,https://www.youtube.com/watch?v=uo35R9zQsAI
G.D.F.R.,Flo Rida Featuring Sage The Gemini & Lookas,1,https://www.youtube.com/watch?v=F8Cg572dafQ
Sun Daze,Florida Georgia Line,1,https://www.youtube.com/watch?v=c8nY06Pt8Qw
May We All,Florida Georgia Line Featuring Tim McGraw,1,https://www.youtube.com/watch?v=PT4ryVop_Fc
Jingle Bells,Frank Sinatra With The Orchestra & Chorus Of Gordon Jenkins,1,https://www.youtube.com/watch?v=-UrjSOaBn9s
No Stylist,French Montana Featuring Drake,1,https://www.youtube.com/watch?v=9_k_goMr5ZI
Unforgettable,French Montana Featuring Swae Lee,1,https://www.youtube.com/watch?v=CTFtOOh47oo
Harley Quinn,Fuerza Regida & Marshmello,1,https://www.youtube.com/watch?v=IIKlkqbeYbI
Bebe Dame,Fuerza Regida X Grupo Frontera,1,https://www.youtube.com/watch?v=Oie--p6YqJo
Fine China,Future & Juice WRLD,1,https://www.youtube.com/watch?v=e1KmvsLwmVc
Where Ya At,Future Featuring Drake,1,https://www.youtube.com/watch?v=lw3Or6eqIpI
Life Is Good,Future Featuring Drake,0,https://www.youtube.com/watch?v=l0U7SxXHkPY
Used To This,Future Featuring Drake,0,https://www.youtube.com/watch?v=SZDmuHSqwtg
Him & I,G-Eazy & Halsey,1,https://www.youtube.com/watch?v=SA7AIQw-7Ms
No Limit,G-Eazy Featuring A$AP Rocky & Cardi B,1,https://www.youtube.com/watch?v=l_lblj8Cq0o
"Me, Myself & I",G-Eazy x Bebe Rexha,1,https://www.youtube.com/watch?v=bSfpSOBD30U
abcdefu,GAYLE,1,https://www.youtube.com/watch?v=NaFd8ucHLuo
Pick Me Up,Gabby Barrett,1,https://www.youtube.com/watch?v=0qG4chf4fLI
The First Noel,Gabby Barrett,0,https://www.youtube.com/watch?v=aNr96DmbGuE
I Hope,Gabby Barrett Featuring Charlie Puth,1,https://www.youtube.com/watch?v=t8F4vs6Wyt4
Here Comes Santa Claus (Right Down Santa Claus Lane),Gene Autry,1,https://www.youtube.com/watch?v=JhcLpwlA-ZA
Rudolph The Red-Nosed Reindeer,Gene Autry & The Pinafores,1,https://www.youtube.com/watch?v=44bL90HP0Ys
Mind On You,George Birge,1,https://www.youtube.com/watch?v=BcAR9_y3PNM
Heartbreak Anniversary,Giveon,0,https://www.youtube.com/watch?v=uWRlisQu4fo
For Tonight,Giveon,1,https://www.youtube.com/watch?v=JRoam571b58
Heat Waves,Glass Animals,1,https://www.youtube.com/watch?v=mRD0-GxqHVo
Tomorrow 2,GloRilla & Cardi B,1,https://www.youtube.com/watch?v=zwa7NzNBQig
Backroad Song,Granger Smith,1,https://www.youtube.com/watch?v=EfZ-dVDySzc
No Se Va,Grupo Frontera,1,https://www.youtube.com/watch?v=VtKcDwz6hiM
El Amor de Su Vida,Grupo Frontera & Grupo Firme,1,https://www.youtube.com/watch?v=Vr1M_l-1wjc
Both,Gucci Mane Featuring Drake,1,https://www.youtube.com/watch?v=eu1AHz4MV2g
I Get The Bag,Gucci Mane Featuring Migos,1,https://www.youtube.com/watch?v=uo14xGYwWd4
Wake Up In The Sky,Gucci Mane X Bruno Mars X Kodak Black,1,https://www.youtube.com/watch?v=U68MJz9DrI4
Used To Love You,Gwen Stefani,1,https://www.youtube.com/watch?v=zeT_nYtjgTQ
Damage,H.E.R.,1,https://www.youtube.com/watch?v=PAFAfhod9TU
Slide,H.E.R. Featuring YG,1,https://www.youtube.com/watch?v=SUJloylmEZM
Truck Bed,HARDY,1,https://www.youtube.com/watch?v=ZUKTn7UWO54
Wait In The Truck,HARDY Featuring Lainey Wilson,1,https://www.youtube.com/watch?v=YsMB0i5YTOc
Let Me Go,Hailee Steinfeld & Alesso Featuring Florida Georgia Line & Watt,1,https://www.youtube.com/watch?v=BQ_0QLL2gqI
Starving,Hailee Steinfeld & Grey Featuring Zedd,1,https://www.youtube.com/watch?v=xwjwCFZpdns
New Americana,Halsey,1,https://www.youtube.com/watch?v=b-eYbUVZedY
Bad At Love,Halsey,0,https://www.youtube.com/watch?v=xdYFuCp3m9k
Without Me,Halsey,0,https://www.youtube.com/watch?v=CWlbjXwUMJI
Graveyard,Halsey,1,https://www.youtube.com/watch?v=rPgaYeq9NvI
Late Night Talking,Harry Styles,0,https://www.youtube.com/watch?v=4VaqA-5aQTM
As It Was,Harry Styles,1,https://www.youtube.com/watch?v=H5v3kku4y6Q
Adore You,Harry Styles,1,https://www.youtube.com/watch?v=VF-r5TtlT9w
Watermelon Sugar,Harry Styles,1,https://www.youtube.com/watch?v=E07s5ZYygMg
Golden,Harry Styles,0,https://www.youtube.com/watch?v=P3cffdsEXXw
Take Me To Church,Hozier,1,https://www.youtube.com/watch?v=PVjiKRfKpPI
Tuesday,I LOVE MAKONNEN Featuring Drake,1,https://www.youtube.com/watch?v=avFq9errZCk
Into The Unknown,Idina Menzel & AURORA,1,https://www.youtube.com/watch?v=gIOyB9ZXn8s
Beg For It,Iggy Azalea Featuring M0,1,https://www.youtube.com/watch?v=9j5vmAH9VeE
Black Widow,Iggy Azalea Featuring Rita Ora,1,https://www.youtube.com/watch?v=u3u22OYqFGo
Bones,Imagine Dragons,0,https://www.youtube.com/watch?v=TO-_3tck2tg
Thunder,Imagine Dragons,1,https://www.youtube.com/watch?v=fKopy74weus
Natural,Imagine Dragons,1,https://www.youtube.com/watch?v=0I647GU3Jsc
I Bet My Life,Imagine Dragons,0,https://www.youtube.com/watch?v=4ht80uzIhNs
Believer,Imagine Dragons,1,https://www.youtube.com/watch?v=7wtfhZwyrcc
Follow You,Imagine Dragons,0,https://www.youtube.com/watch?v=k3zimSRKqNw
Enemy,Imagine Dragons X JID,1,https://www.youtube.com/watch?v=D9G1VOjN_84
Lemonade,Internet Money & Gunna Featuring Don Toliver & NAV,1,https://www.youtube.com/watch?v=0opZqh_TprM
Mi Gente,J Balvin & Willy William Featuring Beyonce,1,https://www.youtube.com/watch?v=APHgDFRpCi0
For Whom The Bell Tolls,J. Cole,1,https://www.youtube.com/watch?v=DSFyHTz0OA4
Neighbors,J. Cole,1,https://www.youtube.com/watch?v=9nfVWiXY3WY
Apparently,J. Cole,1,https://www.youtube.com/watch?v=eRaFMlZ1YHA
Immortal,J. Cole,1,https://www.youtube.com/watch?v=XWCW8FF1UzU
No Role Modelz,J. Cole,0,https://www.youtube.com/watch?v=nSERqaFagJc
Foldin Clothes,J. Cole,0,https://www.youtube.com/watch?v=fgsBOHHhOYQ
Wet Dreamz,J. Cole,0,https://www.youtube.com/watch?v=eCGV26aj-mM
Deja Vu,J. Cole,1,https://www.youtube.com/watch?v=QN8ssSHzGwU
Change,J. Cole,1,https://www.youtube.com/watch?v=AiZuT69qJLc
Ville Mentality,J. Cole,0,https://www.youtube.com/watch?v=BFC4DQCSiKw
"She's Mine, Pt. 1",J. Cole,0,https://www.youtube.com/watch?v=tP6wlb_oDBY
Surround Sound,JID Featuring 21 Savage & Baby Tate,1,https://www.youtube.com/watch?v=Y19q-7VN2WI
Golden Hour,JVKE,1,https://www.youtube.com/watch?v=PEM0Vs8jf1w
Lovin On Me,Jack Harlow,1,https://www.youtube.com/watch?v=Iq8h3GEe22o
First Class,Jack Harlow,0,https://www.youtube.com/watch?v=yQBImEeXNZ4
Tyler Herro,Jack Harlow,1,https://www.youtube.com/watch?v=np9Ub1LilKU
Way Out,Jack Harlow Featuring Big Sean,1,https://www.youtube.com/watch?v=3pjluP5vNug
Santa Claus Is Comin' To Town,Jackson 5,1,https://www.youtube.com/watch?v=HhiUOCo8LYQ
I Saw Mommy Kissing Santa Claus,Jackson 5,0,https://www.youtube.com/watch?v=O89sPooBhyE
You,Jacquees,1,https://www.youtube.com/watch?v=68skSzDziGQ
Say You Won't Let Go,James Arthur,1,https://www.youtube.com/watch?v=0yW7w8F2TVA
The Hanging Tree,James Newton Howard Featuring Jennifer Lawrence,1,https://www.youtube.com/watch?v=F3hTW9e20d8
I Got The Boy,Jana Kramer,1,https://www.youtube.com/watch?v=rNJwu-YkQlc
Gonna Know We Were Here,Jason Aldean,1,https://www.youtube.com/watch?v=pyBNd_-F5Ts
Just Gettin' Started,Jason Aldean,0,https://www.youtube.com/watch?v=XW-j71Rp7Y0
Girl Like You,Jason Aldean,1,https://www.youtube.com/watch?v=OeFYetKv_XE
Trumpets,Jason Derulo,1,https://www.youtube.com/watch?v=oOAfz0H4f00
Take You Dancing,Jason Derulo,0,https://www.youtube.com/watch?v=vC8qJfVYxZY
Victoria's Secret,Jax,1,https://www.youtube.com/watch?v=F9K5IS-inHs
Son Of A Sinner,Jelly Roll,1,https://www.youtube.com/watch?v=n4Z1cpdkgQU
Don't Tell 'Em,Jeremih Featuring YG,1,https://www.youtube.com/watch?v=MqyCoAgiGnI
Masterpiece,Jessie J,1,https://www.youtube.com/watch?v=PTOFEgJ9zzI
Bang Bang,"Jessie J, Ariana Grande & Nicki Minaj",1,https://www.youtube.com/watch?v=0HDdjwpPM3Y
Wild Ones,Jessie Murph & Jelly Roll,1,https://www.youtube.com/watch?v=MVDJxMxzTL0
Down Home,Jimmie Allen,1,https://www.youtube.com/watch?v=wlaYWgm77ds
Best Shot,Jimmie Allen,1,https://www.youtube.com/watch?v=25ys0vc4tTI
Freedom Was A Highway,Jimmie Allen & Brad Paisley,1,https://www.youtube.com/watch?v=pgvNtz_XXE4
Happy Xmas (War Is Over),John & Yoko/The Plastic Ono Band With The Harlem Community Choir,1,https://www.youtube.com/watch?v=yN4Uu0OlmTg
Happy Xmas (War Is Over),John Legend,1,https://www.youtube.com/watch?v=MAT9Jcc2KsA
All Of Me,John Legend,0,https://www.youtube.com/watch?v=450p7goxZqg
Love Me Now,John Legend,1,https://www.youtube.com/watch?v=NmCFY1oYDeM
Slow Dancing In The Dark,Joji,1,https://www.youtube.com/watch?v=K3Qzzggn--s
Glimpse Of Us,Joji,0,https://www.youtube.com/watch?v=NgsWGfUlwJI
All Time Low,Jon Bellion,1,https://www.youtube.com/watch?v=AXnqkVTFUqY
Tequila Little Time,Jon Pardi,1,https://www.youtube.com/watch?v=GI6_cvAQDrM
Heartache Medication,Jon Pardi,1,https://www.youtube.com/watch?v=NQFhnvJ9tsk
Dirt On My Boots,Jon Pardi,1,https://www.youtube.com/watch?v=lheKC1iC0CM
Like It's Christmas,Jonas Brothers,1,https://www.youtube.com/watch?v=tIyE3IrC7r0
What My World Spins Around,Jordan Davis,1,https://www.youtube.com/watch?v=fW_eZikJfL0
Buy Dirt,Jordan Davis Featuring Luke Bryan,1,https://www.youtube.com/watch?v=AKec3LTILRU
Mary Did You Know,Jordan Smith,1,https://www.youtube.com/watch?v=ntMRNM8yhKg
Climb Every Mountain,Jordan Smith,1,https://www.youtube.com/watch?v=dRb2_pxfwPQ
Somebody To Love,Jordan Smith,0,https://www.youtube.com/watch?v=d_2lwt74OXA
God Only Knows,Jordan Smith & Adam Levine,1,https://www.youtube.com/watch?v=lFw3p3dGSrM
Feliz Navidad,Jose Feliciano,1,https://www.youtube.com/watch?v=0UVUW11FENs
Already Dead,Juice WRLD,1,https://www.youtube.com/watch?v=f74GYIVMk3I
Burn,Juice WRLD,1,https://www.youtube.com/watch?v=HA1srD2DwaI
Let Me Know (I Wonder Why Freestyle),Juice WRLD,0,https://www.youtube.com/watch?v=swDam6Hrsm8
Armed And Dangerous,Juice WRLD,0,https://www.youtube.com/watch?v=cr82wSBZeeQ
Lucid Dreams,Juice WRLD,1,https://www.youtube.com/watch?v=mzB1VGEGcSU
Wandered To LA.,Juice WRLD & Justin Bieber,1,https://www.youtube.com/watch?v=ioxhcuNSxZk
Bandit,Juice WRLD & YoungBoy Never Broke Again,1,https://www.youtube.com/watch?v=Sw5fNI400E4
Lace It,"Juice WRLD, Eminem & benny blanco",1,https://www.youtube.com/watch?v=T4CY4wVqhPU
Standing Next To You,Jung Kook,1,https://www.youtube.com/watch?v=UNo0TG9LwwI
Mistletoe,Justin Bieber,1,https://www.youtube.com/watch?v=LUjn3RpkcKY
Rockin' Around The Christmas Tree,Justin Bieber,1,https://www.youtube.com/watch?v=RGVEGOMPCEw
Love Yourself,Justin Bieber,1,https://www.youtube.com/watch?v=oyEuk8j8imI
Sorry,Justin Bieber,0,https://www.youtube.com/watch?v=fRh_vgS2dFE
What Do You Mean?,Justin Bieber,0,https://www.youtube.com/watch?v=DK_0jXPuIr0
Ghost,Justin Bieber,0,https://www.youtube.com/watch?v=Fp8msa5uYsc
I'll Show You,Justin Bieber,1,https://www.youtube.com/watch?v=PfGaX8G0f2E
Hold On,Justin Bieber,0,https://www.youtube.com/watch?v=LWeiydKl0mU
Anyone,Justin Bieber,0,https://www.youtube.com/watch?v=KIK3azN4w34
Purpose,Justin Bieber,0,https://www.youtube.com/watch?v=Ca1i6DZC3iY
Lonely,Justin Bieber & benny blanco,1,https://www.youtube.com/watch?v=xQOO2xGQ1Pc
Holy,Justin Bieber Featuring Chance The Rapper,1,https://www.youtube.com/watch?v=pvPsJFRGleA
The Feeling,Justin Bieber Featuring Halsey,1,https://www.youtube.com/watch?v=qYj4l5Xntt0
Can't Stop The Feeling!,Justin Timberlake,1,https://www.youtube.com/watch?v=ru0K8uYEZWw
Blue Christmas,Kane Brown,1,https://www.youtube.com/watch?v=hHhu65-7yOE
One Mississippi,Kane Brown,0,https://www.youtube.com/watch?v=O2HpAdaE7R4
Homesick,Kane Brown,1,https://www.youtube.com/watch?v=ukHikH_10CA
Thank God,Kane Brown With Katelyn Brown,1,https://www.youtube.com/watch?v=bLzUmfLckEw
Bichota,Karol G,1,https://www.youtube.com/watch?v=QaXhVryxVBk
Provenza,Karol G,0,https://www.youtube.com/watch?v=ca48oMV59LU
Amargura,Karol G,0,https://www.youtube.com/watch?v=l8drWUddFY8
Tusa,Karol G & Nicki Minaj,1,https://www.youtube.com/watch?v=tbneQDc2H3I
Qlona,Karol G & Peso Pluma,1,https://www.youtube.com/watch?v=BeUOBoSPWvA
Cozy Little Christmas,Katy Perry,1,https://www.youtube.com/watch?v=sg8Gk1iXEIs
Somewhere In My Car,Keith Urban,1,https://www.youtube.com/watch?v=RPILrZTBedY
Blue Ain't Your Color,Keith Urban,1,https://www.youtube.com/watch?v=SoIKv3xxuMA
Christmas Isn't Canceled (Just You),Kelly Clarkson,1,https://www.youtube.com/watch?v=7nLU5i5Ec7g
Underneath The Tree,Kelly Clarkson,1,https://www.youtube.com/watch?v=EM2Fnp_qnE8
"Santa, Can't You Hear Me",Kelly Clarkson & Ariana Grande,1,https://www.youtube.com/watch?v=PPcpd-YBlGw
Under The Mistletoe,Kelly Clarkson & Brett Eldredge,1,https://www.youtube.com/watch?v=SgxPUe4dQ74
Legends,Kelsea Ballerini,1,https://www.youtube.com/watch?v=qelc4EOeqlc
Hole In The Bottle,Kelsea Ballerini,0,https://www.youtube.com/watch?v=ZUHQ0j6qrCM
Dibs,Kelsea Ballerini,1,https://www.youtube.com/watch?v=e3lCzEOy5xs
Love.,Kendrick Lamar Featuring Zacari,1,https://www.youtube.com/watch?v=ox7RsX1Ee34
Knowing You,Kenny Chesney,1,https://www.youtube.com/watch?v=PkrTvtIxUaA
Til It's Gone,Kenny Chesney,0,https://www.youtube.com/watch?v=nj2V2BUUpYc
Strangers,Kenya Grace,1,https://www.youtube.com/watch?v=S2TaAcwC_zI
Young Dumb & Broke,Khalid,1,https://www.youtube.com/watch?v=IPfJnp1guPc
Better,Khalid,0,https://www.youtube.com/watch?v=x3bfa3DZ8JM
Love Lies,Khalid & Normani,1,https://www.youtube.com/watch?v=xYtsL9znopI
Tequila Shots,Kid Cudi,1,https://www.youtube.com/watch?v=lZcRSy0sk5w
Body Language,Kid Ink Featuring Usher & Tinashe,1,https://www.youtube.com/watch?v=_Ht6gSClAzo
Took Her To The O,King Von,1,https://www.youtube.com/watch?v=hzt31eJTGxo
Last Shot,Kip Moore,1,https://www.youtube.com/watch?v=vCWrArYJntc
Calling My Spirit,Kodak Black,1,https://www.youtube.com/watch?v=ppSY98RGyBU
Super Gremlin,Kodak Black,1,https://www.youtube.com/watch?v=kiB9qk4gnt4
Codeine Dreaming,Kodak Black Featuring Lil Wayne,1,https://www.youtube.com/watch?v=g7_uKDsv7HM
ZEZE,Kodak Black Featuring Travis Scott & Offset,1,https://www.youtube.com/watch?v=EfHNIPXTxy0
Roll In Peace,Kodak Black Featuring XXXTENTACION,1,https://www.youtube.com/watch?v=S0nbOenwCLw
Greatest Love Story,LANCO,1,https://www.youtube.com/watch?v=aHl0tlUYDBI
I Love This Life,LOCASH,1,https://www.youtube.com/watch?v=cd1HS2Yf7Yw
Champagne Night,Lady A,1,https://www.youtube.com/watch?v=E-urw9c82EA
What If I Never Get Over You,Lady Antebellum,1,https://www.youtube.com/watch?v=rbFj2t9d7Z8
Hold My Hand,Lady Gaga,0,https://www.youtube.com/watch?v=O2CIAKVTOrc
Bloody Mary,Lady Gaga,0,https://www.youtube.com/watch?v=63zSjR_nhNI
Million Reasons,Lady Gaga,1,https://www.youtube.com/watch?v=en2D_5TzXCA
Shallow,Lady Gaga & Bradley Cooper,1,https://www.youtube.com/watch?v=JPJjwHAIny4
Heart Like A Truck,Lainey Wilson,1,https://www.youtube.com/watch?v=rNReepITjN0
Big Energy,Latto,1,https://www.youtube.com/watch?v=T8GpG8C0YzA
You Say,Lauren Daigle,1,https://www.youtube.com/watch?v=sIaT8Jl2zpI
The Christmas Song,Lauren Daigle,1,https://www.youtube.com/watch?v=m8lP20weDBc
Last Christmas,Lauren Spencer Smith,1,https://www.youtube.com/watch?v=urpkaz8tnk4
Fingers Crossed,Lauren Spencer Smith,0,https://www.youtube.com/watch?v=mzwg5Ldkt5Q
Leave Em Alone,"Layton Greene, Lil Baby, City Girls & PnB Rock",1,https://www.youtube.com/watch?v=ZBd4KMweIoI
Drinking Class,Lee Brice,1,https://www.youtube.com/watch?v=ZV1oQiRdoPc
Someone You Loved,Lewis Capaldi,1,https://www.youtube.com/watch?v=zABLecsR5UE
Before You Go,Lewis Capaldi,0,https://www.youtube.com/watch?v=Jtauh8GcxBY
Forget Me,Lewis Capaldi,1,https://www.youtube.com/watch?v=nBZlrbrBO1I
On Me,Lil Baby,1,https://www.youtube.com/watch?v=ieTnO1Dvt-I
Woah,Lil Baby,1,https://www.youtube.com/watch?v=60yjwwoKd6w
My Dawg,Lil Baby,0,https://www.youtube.com/watch?v=eizDlMTanE4
Drip Too Hard,Lil Baby & Gunna,1,https://www.youtube.com/watch?v=_YzD9KW82sk
$ave Dat Money,Lil Dicky Featuring Fetty Wap & Rich Homie Quan,1,https://www.youtube.com/watch?v=yvHYWD29ZNY
Backdoor,Lil Durk,1,https://www.youtube.com/watch?v=Ty-CHgmCeKw
Broadway Girls,Lil Durk Featuring Morgan Wallen,1,https://www.youtube.com/watch?v=2CNl_CCtE-I
Star Walkin' (League Of Legends Worlds Anthem),Lil Nas X,1,https://www.youtube.com/watch?v=HYsz1hP0BFo
Panini,Lil Nas X,1,https://www.youtube.com/watch?v=bXcSLI58-h8
Montero (Call Me By Your Name),Lil Nas X,0,https://www.youtube.com/watch?v=6swmTBVI83k
Holiday,Lil Nas X,1,https://www.youtube.com/watch?v=9vMLTcftlyI
Thats What I Want,Lil Nas X,1,https://www.youtube.com/watch?v=QDYDRA5JPLE
Industry Baby,Lil Nas X & Jack Harlow,1,https://www.youtube.com/watch?v=UTHLKHL_whs
Old Town Road,Lil Nas X Featuring Billy Ray Cyrus,1,https://www.youtube.com/watch?v=r7qovpFAGrQ
Gucci Gang,Lil Pump,1,https://www.youtube.com/watch?v=4LfJnj66HVQ
500lbs,Lil Tecca,1,https://www.youtube.com/watch?v=vIBFoBladhg
Ran$om,Lil Tecca,1,https://www.youtube.com/watch?v=1XzY2ij_vL4
You Was Right,Lil Uzi Vert,1,https://www.youtube.com/watch?v=55iN4H6kRN4
Just Wanna Rock,Lil Uzi Vert,0,https://www.youtube.com/watch?v=UhbixyxgsiU
Futsal Shuffle 2020,Lil Uzi Vert,1,https://www.youtube.com/watch?v=nwE_BsjBSUw
The Way Life Goes,Lil Uzi Vert Featuring Nicki Minaj,1,https://www.youtube.com/watch?v=SxAp27sFaIM
Uproar,Lil Wayne,1,https://www.youtube.com/watch?v=vGtfSaGYJQA
Betrayed,Lil Xan,1,https://www.youtube.com/watch?v=_dL3AygsCMc
1 Night,Lil Yachty,1,https://www.youtube.com/watch?v=h1WRpCsR2EE
Prayer In C,Lillywood & Robin Schulz,1,https://www.youtube.com/watch?v=fiore9Z5iUg
Better Man,Little Big Town,1,https://www.youtube.com/watch?v=ph9NQ8ASmX4
Truth Hurts,Lizzo,1,https://www.youtube.com/watch?v=P00HMxdsVZI
Good As Hell,Lizzo,1,https://www.youtube.com/watch?v=SmbmeOgWsqE
About Damn Time,Lizzo,0,https://www.youtube.com/watch?v=IXXxciRUMzE
Someday At Christmas,Lizzo,0,https://www.youtube.com/watch?v=oA3WNLn6RVw
1-800-273-8255,Logic Featuring Alessia Cara & Khalid,1,https://www.youtube.com/watch?v=Kb24RrHIbFk
Yellow Flicker Beat,Lorde,1,https://www.youtube.com/watch?v=3PdILZ_1P74
Despacito,Luis Fonsi & Daddy Yankee Featuring Justin Bieber,1,https://www.youtube.com/watch?v=wJvppSr8BN4
Echame La Culpa,Luis Fonsi & Demi Lovato,1,https://www.youtube.com/watch?v=TyHvyGVs42U
Light It Up,Luke Bryan,1,https://www.youtube.com/watch?v=3yyZ0UOZgcQ
Strip It Down,Luke Bryan,0,https://www.youtube.com/watch?v=G2BWyY4B36Y
I See You,Luke Bryan,1,https://www.youtube.com/watch?v=lLmNaCgjkYQ
Home Alone Tonight,Luke Bryan Featuring Karen Fairchild,1,https://www.youtube.com/watch?v=ezJBgc_1NNw
Even Though I'm Leaving,Luke Combs,1,https://www.youtube.com/watch?v=P7kqqmr2HWI
Fast Car,Luke Combs,1,https://www.youtube.com/watch?v=Fr7oYjnt3bM
Beautiful Crazy,Luke Combs,1,https://www.youtube.com/watch?v=rItv9i6c7AY
Forever After All,Luke Combs,0,https://www.youtube.com/watch?v=TDpOcp98b5k
The Kind Of Love We Make,Luke Combs,0,https://www.youtube.com/watch?v=x8Mc8Pbl06g
"Going, Going, Gone",Luke Combs,1,https://www.youtube.com/watch?v=iG-JNwGYAjo
She Got The Best Of Me,Luke Combs,1,https://www.youtube.com/watch?v=a2a9fgPI_PI
Where The Wild Things Are,Luke Combs,1,https://www.youtube.com/watch?v=aoJwvnDuAR0
Better Together,Luke Combs,0,https://www.youtube.com/watch?v=ObDQtfZZ0_k
Rude,MAGIC!,1,https://www.youtube.com/watch?v=PIh2xe4jnpk
Lights Down Low,MAX Featuring gnash,1,https://www.youtube.com/watch?v=5-xVwxqjNyI
My Ex's Best Friend,Machine Gun Kelly X blackbear,1,https://www.youtube.com/watch?v=J_n01uvyhI8
Bad Things,Machine Gun Kelly x Camila Cabello,1,https://www.youtube.com/watch?v=QpbQ4I3Eidg
Home,"Machine Gun Kelly, X Ambassadors & Bebe Rexha",1,https://www.youtube.com/watch?v=IumYMCllMsM
Downtown,"Macklemore & Ryan Lewis Featuring Eric Nally, Melle Mel, Kool Moe Dee & Grandmaster Caz",1,https://www.youtube.com/watch?v=JGhoLcsr8GA
Good Old Days,Macklemore Featuring Kesha,1,https://www.youtube.com/watch?v=1yYV9-KoSUM
Girl In A Country Song,Maddie & Tae,1,https://www.youtube.com/watch?v=_MOavH-Eivw
Cold Water,Major Lazer Featuring Justin Bieber & MO,1,https://www.youtube.com/watch?v=nBtDsQ4fhXY
Lean On,Major Lazer X DJ Snake Featuring MO,1,https://www.youtube.com/watch?v=YqeW9_5kURI
Segun Quien,Maluma & Carin Leon,1,https://www.youtube.com/watch?v=69lO08ar-mI
Hawai,Maluma & The Weeknd,1,https://www.youtube.com/watch?v=91vECNhvmMY
The Bones,Maren Morris,1,https://www.youtube.com/watch?v=gvPMVKUI9go
I Could Use A Love Song,Maren Morris,1,https://www.youtube.com/watch?v=ErdZ_W35xRs
All I Want For Christmas Is You,Mariah Carey,1,https://www.youtube.com/watch?v=yXQViqx6GMY
Uptown Funk!,Mark Ronson Featuring Bruno Mars,1,https://www.youtube.com/watch?v=OPf0YbXqDm0
Nothing Breaks Like A Heart,Mark Ronson Featuring Miley Cyrus,1,https://www.youtube.com/watch?v=A9hcJgtnm6Q
Animals,Maroon 5,1,https://www.youtube.com/watch?v=qpgTC9MDx1o
Memories,Maroon 5,1,https://www.youtube.com/watch?v=SlPhMPnQ58k
Girls Like You,Maroon 5 Featuring Cardi B,1,https://www.youtube.com/watch?v=Y8IDxy-chdo
Don't Wanna Know,Maroon 5 Featuring Kendrick Lamar,1,https://www.youtube.com/watch?v=ANS9sSJA9Yc
What Lovers Do,Maroon 5 Featuring SZA,1,https://www.youtube.com/watch?v=5Wiio4KoGe8
Alone,Marshmello,1,https://www.youtube.com/watch?v=ALZHF5UqnU4
Happier,Marshmello & Bastille,1,https://www.youtube.com/watch?v=m7Bc3pLyij0
Silence,Marshmello Featuring Khalid,1,https://www.youtube.com/watch?v=Tx1sqYc3qas
In The Name Of Love,Martin Garrix & Bebe Rexha,1,https://www.youtube.com/watch?v=RnBT9uUYb1w
Wasted Love,Matt McAndrew,1,https://www.youtube.com/watch?v=1vvy-YhOH0c
Lost Stars,Matt McAndrew & Adam Levine,1,https://www.youtube.com/watch?v=YFsGH5iToys
Going Bad,Meek Mill Featuring Drake,1,https://www.youtube.com/watch?v=S1gp0m4B5p8
Dangerous,Meek Mill Featuring Jeremih & PnB Rock,1,https://www.youtube.com/watch?v=stcIiJbwpio
Body,Megan Thee Stallion,1,https://www.youtube.com/watch?v=7PBYGu4Az8s
Cry Baby,Megan Thee Stallion Featuring DaBaby,1,https://www.youtube.com/watch?v=AqaQsL-8I_M
Made You Look,Meghan Trainor,1,https://www.youtube.com/watch?v=gPCCYMeXin0
Jingle Bells,Meghan Trainor,1,https://www.youtube.com/watch?v=nxFqgPe4BH0
All About That Bass,Meghan Trainor,0,https://www.youtube.com/watch?v=7PCkvCPvDXk
Lips Are Movin,Meghan Trainor,0,https://www.youtube.com/watch?v=qDc_5zpBj7s
Like I'm Gonna Lose You,Meghan Trainor Featuring John Legend,1,https://www.youtube.com/watch?v=2-MBfn8XjIU
Too Many Nights,Metro Boomin Featuring Don Toliver & Future,1,https://www.youtube.com/watch?v=NyTkaQHdySM
Superhero (Heroes & Villains),"Metro Boomin, Future & Chris Brown",1,https://www.youtube.com/watch?v=_WCD3Z9UmJ4
Creepin',"Metro Boomin, The Weeknd & 21 Savage",1,https://www.youtube.com/watch?v=6DWjiWEmxME
Have Yourself A Merry Little Christmas,Michael Buble,1,https://www.youtube.com/watch?v=l3l83C-we-k
It's Beginning To Look A Lot Like Christmas,Michael Buble,0,https://www.youtube.com/watch?v=0bhsXykXxfg
Whiskey And Rain,Michael Ray,1,https://www.youtube.com/watch?v=rTxXInO54Z8
Bad And Boujee,Migos Featuring Lil Uzi Vert,1,https://www.youtube.com/watch?v=S-sJp1FfG7Q
MotorSport,"Migos, Nicki Minaj & Cardi B",1,https://www.youtube.com/watch?v=9v_rtaye2yY
Sky Walker,Miguel Featuring Travis Scott,1,https://www.youtube.com/watch?v=76O3w4pt0CA
Used To Be Young,Miley Cyrus,1,https://www.youtube.com/watch?v=IZ3XMOdOdKM
Midnight Sky,Miley Cyrus,0,https://www.youtube.com/watch?v=aS1no1myeTM
Flowers,Miley Cyrus,0,https://www.youtube.com/watch?v=G7KNmW9a75Y
Prisoner,Miley Cyrus Featuring Dua Lipa,1,https://www.youtube.com/watch?v=0ir1qkPXPVM
Stolen Dance,Milky Chance,1,https://www.youtube.com/watch?v=iX-QaNzd-0Y
WTF (Where They From),Missy Elliott Featuring Pharrell Williams,1,https://www.youtube.com/watch?v=KO_3Qgib6RQ
Drunk Me,Mitchell Tenpenny,1,https://www.youtube.com/watch?v=BiA-7xHM8zc
My Love Mine All Mine,Mitski,1,https://www.youtube.com/watch?v=vx4kLgnFexo
Scorpio,Moneybagg Yo,1,https://www.youtube.com/watch?v=GChxzIwyNt4
One Thing At A Time,Morgan Wallen,1,https://www.youtube.com/watch?v=S-OKqDu8YmA
You Proof,Morgan Wallen,1,https://www.youtube.com/watch?v=3CkLMG5NwUg
7 Summers,Morgan Wallen,0,https://www.youtube.com/watch?v=ZsEjZKNzt9E
Last Night,Morgan Wallen,0,https://www.youtube.com/watch?v=bUjPPBxbQrQ
Wasted On You,Morgan Wallen,0,https://www.youtube.com/watch?v=uKmg4UbnDLo
Sand In My Boots,Morgan Wallen,1,https://www.youtube.com/watch?v=FXzE9eP1U_E
Thinkin' Bout Me,Morgan Wallen,1,https://www.youtube.com/watch?v=5DCdL1zdpdM
Man Made A Bar,Morgan Wallen Featuring Eric Church,1,https://www.youtube.com/watch?v=sS8jpNdABgw
Waves,Mr. Probz,1,https://www.youtube.com/watch?v=0a5WyAjL1MM
Ballin',Mustard & Roddy Ricch,1,https://www.youtube.com/watch?v=Ni92kRoMNiA
Lemon,N*E*R*D & Rihanna,1,https://www.youtube.com/watch?v=L_u97PqWX6g
Wanted You,NAV Featuring Lil Uzi Vert,1,https://www.youtube.com/watch?v=k5DHv-56HwU
Better Days,NEIKED X Mae Muller X Polo G,1,https://www.youtube.com/watch?v=GQAOrCOknCY
Let You Down,NF,1,https://www.youtube.com/watch?v=fbHbTBP_u7U
Camelot,NLE Choppa,1,https://www.youtube.com/watch?v=0II-EFw9J0A
Who Want Smoke??,"Nardo Wick Featuring G Herbo, Lil Durk & 21 Savage",1,https://www.youtube.com/watch?v=U2SNwtE-0Us
The Christmas Song (Merry Christmas To You),"Nat ""King"" Cole",1,https://www.youtube.com/watch?v=wKhRnZZ0cJI
Deck The Halls,Nat King Cole,1,https://www.youtube.com/watch?v=kORRidv-p0Y
World On Fire,Nate Smith,1,https://www.youtube.com/watch?v=U1gT0P4Zp2U
Whiskey On You,Nate Smith,1,https://www.youtube.com/watch?v=_6Np5NhF1QE
She Knows,Ne-Yo Featuring Juicy J,1,https://www.youtube.com/watch?v=Fk1ZO_980DI
The Fix,Nelly Featuring Jeremih,1,https://www.youtube.com/watch?v=lJMqyTOH2a8
Gato de Noche,Nengo Flow & Bad Bunny,1,https://www.youtube.com/watch?v=ReNtw_Adz0E
Too Much To Ask,Niall Horan,0,https://www.youtube.com/watch?v=ljXSjIph5ZM
This Town,Niall Horan,0,https://www.youtube.com/watch?v=ic1l36GrNOU
Nice To Meet Ya,Niall Horan,1,https://www.youtube.com/watch?v=k7jeYJA9bgY
Jealous,Nick Jonas,1,https://www.youtube.com/watch?v=yw04QD1LaB0
FTCU,Nicki Minaj,1,https://www.youtube.com/watch?v=zE53Otfrr0k
Super Freaky Girl,Nicki Minaj,0,https://www.youtube.com/watch?v=j5uAR9w7LBg
Anaconda,Nicki Minaj,1,https://www.youtube.com/watch?v=LDZX4ooRsWs
Get On Your Knees,Nicki Minaj Featuring Ariana Grande,1,https://www.youtube.com/watch?v=a7v6AQr4_Mc
Feeling Myself,Nicki Minaj Featuring Beyonce,1,https://www.youtube.com/watch?v=RCkejCndo0U
Needle,Nicki Minaj Featuring Drake,1,https://www.youtube.com/watch?v=5KDy94cpTS4
Only,"Nicki Minaj Featuring Drake, Lil Wayne & Chris Brown",1,https://www.youtube.com/watch?v=zXtsGAkyeIo
Everybody,Nicki Minaj Featuring Lil Uzi Vert,1,https://www.youtube.com/watch?v=3g5AbGTqvt0
Bed Of Lies,Nicki Minaj Featuring Skylar Grey,1,https://www.youtube.com/watch?v=tkJ_koXPZzs
In Your Arms,Nico & Vinz,1,https://www.youtube.com/watch?v=1UX9Q5ApVqs
Good Time,Niko Moon,1,https://www.youtube.com/watch?v=mKnQXaIlrMo
Make Me (Cry),Noah Cyrus Featuring Labrinth,1,https://www.youtube.com/watch?v=vXyBcKV0UIo
Stick Season,Noah Kahan,1,https://www.youtube.com/watch?v=JKrDdsgXuso
CoCo,O.T. Genasis,1,https://www.youtube.com/watch?v=6vYnas6q3Sg
Cheerleader,OMI,1,https://www.youtube.com/watch?v=jGflUbPQfW8
Ric Flair Drip,Offset & Metro Boomin,1,https://www.youtube.com/watch?v=LPTlvQ1Zet0
Song For Another Time,Old Dominion,1,https://www.youtube.com/watch?v=lZ0QFmzl1kw
Written In The Sand,Old Dominion,0,https://www.youtube.com/watch?v=NzrQg6TMd6c
One Man Band,Old Dominion,1,https://www.youtube.com/watch?v=0lxA1FXOiv0
Life Goes On,Oliver Tree,1,https://www.youtube.com/watch?v=8F2s8ivKXNY
Favorite Crime,Olivia Rodrigo,0,https://www.youtube.com/watch?v=HrZyFm7-U80
Traitor,Olivia Rodrigo,0,https://www.youtube.com/watch?v=CRrf3h9vhp8
Get Him Back!,Olivia Rodrigo,1,https://www.youtube.com/watch?v=ZsJ-BHohXRI
Can't Catch Me Now,Olivia Rodrigo,1,https://www.youtube.com/watch?v=GlM6lcFbLSg
Good 4 U,Olivia Rodrigo,1,https://www.youtube.com/watch?v=gNi_6U5Pm_o
Brutal,Olivia Rodrigo,0,https://www.youtube.com/watch?v=OGUy2UmRxJ0
Drivers License,Olivia Rodrigo,0,https://www.youtube.com/watch?v=ZmDBbnmKpqQ
Vampire,Olivia Rodrigo,0,https://www.youtube.com/watch?v=RlPNh_PBZb4
"Jealousy, Jealousy",Olivia Rodrigo,0,https://www.youtube.com/watch?v=mbkRV30JK6Q
Perfect,One Direction,1,https://www.youtube.com/watch?v=Ho32Oh6b4jc
Drag Me Down,One Direction,1,https://www.youtube.com/watch?v=Jwgf3wmiA04
Steal My Girl,One Direction,1,https://www.youtube.com/watch?v=UpsKGvPjAgw
Night Changes,One Direction,0,https://www.youtube.com/watch?v=syFZfO_wfMQ
I Lived,OneRepublic,1,https://www.youtube.com/watch?v=z0rxydSolwU
I Ain't Worried,OneRepublic,0,https://www.youtube.com/watch?v=mNEUkkoUoIA
Counting Stars,OneRepublic,0,https://www.youtube.com/watch?v=hT_nvWreIhg
Run,OneRepublic,0,https://www.youtube.com/watch?v=TKkcsmvYTw4
What About Us,P!nk,1,https://www.youtube.com/watch?v=ClU3fctbGls
High Hopes,Panic! At The Disco,1,https://www.youtube.com/watch?v=IPXIgEAGe4U
Backin' It Up,Pardison Fontaine Featuring Cardi B,1,https://www.youtube.com/watch?v=hDfsD6G8E_g
To Be Loved By You,Parker McCollum,1,https://www.youtube.com/watch?v=6FdpFu630hY
Burn It Down,Parker McCollum,1,https://www.youtube.com/watch?v=qbHu2Y7rnNM
Close Your Eyes,Parmalee,1,https://www.youtube.com/watch?v=IHIy2DcgHKY
Wonderful Christmastime,Paul McCartney,1,https://www.youtube.com/watch?v=94Ye-3C1FC8
Lil Boo Thang,Paul Russell,1,https://www.youtube.com/watch?v=5AgDZcM8In8
Hallelujah,Pentatonix,1,https://www.youtube.com/watch?v=LRP8d7hhpoQ
"Mary, Did You Know?",Pentatonix,1,https://www.youtube.com/watch?v=ifCWN5pJGIE
Kid On Christmas,Pentatonix Featuring Meghan Trainor,1,https://www.youtube.com/watch?v=YzxVrFFGorI
It's Beginning To Look A Lot Like Christmas,Perry Como And The Fontane Sisters With Mitchell Ayres And His Orchestra,1,https://www.youtube.com/watch?v=SnunPV-XTbA
(There's No Place Like) Home For The Holidays (1954),Perry Como With Mitchell Ayers And His Orchestra,1,https://www.youtube.com/watch?v=NT8pIpzDX0g
(There's No Place Like) Home For The Holidays (1959),Perry Como With Mitchell Ayers And His Orchestra,1,https://www.youtube.com/watch?v=NT8pIpzDX0g
Bellakeo,Peso Pluma & Anitta,1,https://www.youtube.com/watch?v=fOT0BUpITw8
Time Of Our Lives,Pitbull & Ne-Yo,1,https://www.youtube.com/watch?v=bTXJQ5ql5Fw
Fireball,Pitbull Featuring John Ryan,1,https://www.youtube.com/watch?v=HMqgVXSvwGo
Selfish,PnB Rock,1,https://www.youtube.com/watch?v=8Sczx0Xztd4
Dior,Pop Smoke,0,https://www.youtube.com/watch?v=oorVWW9ywG0
What You Know Bout Love,Pop Smoke,1,https://www.youtube.com/watch?v=uuodbSVO3z0
For The Night,Pop Smoke Featuring Lil Baby & DaBaby,1,https://www.youtube.com/watch?v=X9x7JKGa27I
Adderall (Corvette Corvette),Popp Hunna,1,https://www.youtube.com/watch?v=oJlfuBHLf0o
Feel It Still,Portugal. The Man,1,https://www.youtube.com/watch?v=pBkHHoOIIn8
Better Now,Post Malone,1,https://www.youtube.com/watch?v=L7TZt7yewh0
Circles,Post Malone,0,https://www.youtube.com/watch?v=wXhTHyIgQ_U
I Fall Apart,Post Malone,1,https://www.youtube.com/watch?v=aLWCtfw53c4
Chemical,Post Malone,0,https://www.youtube.com/watch?v=IzPQ_jA00bk
Wow.,Post Malone,1,https://www.youtube.com/watch?v=393C3pr2ioY
Candy Paint,Post Malone,1,https://www.youtube.com/watch?v=a2wERrLIYmI
White Iverson,Post Malone,0,https://www.youtube.com/watch?v=SLsTskih7_I
Sunflower (Spider-Man: Into The Spider-Verse),Post Malone & Swae Lee,1,https://www.youtube.com/watch?v=ApXoWvfEYVU
One Right Now,Post Malone & The Weeknd,1,https://www.youtube.com/watch?v=Tc0tLGWIqxA
Rockstar,Post Malone Featuring 21 Savage,1,https://www.youtube.com/watch?v=UceaB4D0jpo
Enemies,Post Malone Featuring DaBaby,1,https://www.youtube.com/watch?v=RZSH5gK6B1Y
Take What You Want,Post Malone Featuring Ozzy Osbourne & Travis Scott,1,https://www.youtube.com/watch?v=LYa_ReqRlcs
Ice Tray,Quavo & Lil Yachty,1,https://www.youtube.com/watch?v=hSOgNCJmQvU
Locked Away,R. City Featuring Adam Levine,1,https://www.youtube.com/watch?v=6GUm5g8SG4o
Escapism,RAYE Featuring 070 Shake,1,https://www.youtube.com/watch?v=Dll6VJ2C7wo
Stand By You,Rachel Platten,1,https://www.youtube.com/watch?v=bwB9EMpW8eY
No Type,Rae Sremmurd,1,https://www.youtube.com/watch?v=wzMrK-aGCug
Come Get Her,Rae Sremmurd,1,https://www.youtube.com/watch?v=_7anctpbSSo
Swang,Rae Sremmurd,0,https://www.youtube.com/watch?v=dmJefsOErr0
Black Beatles,Rae Sremmurd Featuring Gucci Mane,1,https://www.youtube.com/watch?v=b8m9zhNAgKs
God Made Girls,RaeLynn,1,https://www.youtube.com/watch?v=tl1uv6gB4hE
Like A Cowboy,Randy Houser,1,https://www.youtube.com/watch?v=Gn_m7uFL7xQ
I Pray,Red Marlow,1,https://www.youtube.com/watch?v=JHN2_AvOAxQ
Calm Down,Rema & Selena Gomez,1,https://www.youtube.com/watch?v=WcIcVapfqXw
Lifestyle,Rich Gang Featuring Young Thug & Rich Homie Quan,1,https://www.youtube.com/watch?v=nGt_JGHYEO4
Love On The Brain,Rihanna,1,https://www.youtube.com/watch?v=e6FFsY-9MZo
Lift Me Up,Rihanna,1,https://www.youtube.com/watch?v=Mx_OexsUI2M
Put Your Records On,Ritt Momney,1,https://www.youtube.com/watch?v=WyVfkr6nsrk
Chill Bill,Rob $tone Featuring J. Davi$ & Spooks,1,https://www.youtube.com/watch?v=J7IMwop3RHs
Great Gatsby,Rod Wave,1,https://www.youtube.com/watch?v=nM6ayGKXFCw
Heart On Ice,Rod Wave,0,https://www.youtube.com/watch?v=deMLg4FPFhQ
By Your Side,Rod Wave,1,https://www.youtube.com/watch?v=y7394ESN91Y
The Box,Roddy Ricch,1,https://www.youtube.com/watch?v=UNZqm3dxd2w
25 Million,Roddy Ricch,0,https://www.youtube.com/watch?v=jfNNoN5g37U
Thailand,Roddy Ricch,1,https://www.youtube.com/watch?v=vH4wMjrhElQ
Start Wit Me,Roddy Ricch & Gunna,1,https://www.youtube.com/watch?v=xZOmsK74-c0
Tip Toe,Roddy Ricch Featuring A Boogie Wit da Hoodie,1,https://www.youtube.com/watch?v=TLpLKt8lJ3A
Hibachi,Roddy Ricch Featuring Kodak Black & 21 Savage,1,https://www.youtube.com/watch?v=TScsJM4465U
Moved To Miami,Roddy Ricch Featuring Lil Baby,1,https://www.youtube.com/watch?v=dZdATwvQjnQ
Lay It All On Me,Rudimental Featuring Ed Sheeran,1,https://www.youtube.com/watch?v=WtejRvpwscY
BEST ON EARTH,Russ & BIA,1,https://www.youtube.com/watch?v=4HvdGXANdYE
Love You Like I Used To,Russell Dickerson,1,https://www.youtube.com/watch?v=hzWq7qwUMv4
Yours,Russell Dickerson,0,https://www.youtube.com/watch?v=g83se50wTrs
Trampoline,SHAED,1,https://www.youtube.com/watch?v=4h26oYuE2h0
Gone Girl,SZA,1,https://www.youtube.com/watch?v=_ELILMiYYbI
The Weekend,SZA,1,https://www.youtube.com/watch?v=cMD63TwzB1o
Kill Bill,SZA,1,https://www.youtube.com/watch?v=MSRcC626prw
Seek & Destroy,SZA,1,https://www.youtube.com/watch?v=MjQUIq7Rjcc
Shirt,SZA,0,https://www.youtube.com/watch?v=hdFDrjfW548
I Hate U,SZA,0,https://www.youtube.com/watch?v=xEAEDKzjQTY
Special,SZA,0,https://www.youtube.com/watch?v=bS7dvgYr6PM
Love Language,SZA,1,https://www.youtube.com/watch?v=mnjg0CK3Ltw
Snooze,SZA,1,https://www.youtube.com/watch?v=LDY_XyxBu8A
SOS,SZA,1,https://www.youtube.com/watch?v=LDY_XyxBu8A
Good Days,SZA,0,https://www.youtube.com/watch?v=2p3zZoraK9g
Low,SZA,1,https://www.youtube.com/watch?v=8RdnZpZUmCA
Blind,SZA,1,https://www.youtube.com/watch?v=fSwyDZnTJ5g
Nobody Gets Me,SZA,1,https://www.youtube.com/watch?v=NNd_ufPG3x4
Used,SZA Featuring Don Toliver,1,https://www.youtube.com/watch?v=w-DN5fG4HtM
Ghost In The Machine,SZA Featuring Phoebe Bridgers,1,https://www.youtube.com/watch?v=s8EU5Sm9GQY
Hit Different,SZA Featuring Ty Dolla $ign,1,https://www.youtube.com/watch?v=qJlMkMtK7-8
Feather,Sabrina Carpenter,1,https://www.youtube.com/watch?v=kLbn61Z4LDI
Nonsense,Sabrina Carpenter,0,https://www.youtube.com/watch?v=YcSP1ZUf1eQ
Kinfolks,Sam Hunt,1,https://www.youtube.com/watch?v=-NBAowYmSQc
Break Up In A Small Town,Sam Hunt,1,https://www.youtube.com/watch?v=YOb4VUgRqo0
Too Good At Goodbyes,Sam Smith,1,https://www.youtube.com/watch?v=J_ub7Etch2U
I'm Not The Only One,Sam Smith,1,https://www.youtube.com/watch?v=nCkpzqqog4k
Diamonds,Sam Smith,0,https://www.youtube.com/watch?v=8RvAKRoIDqU
Stay With Me,Sam Smith,1,https://www.youtube.com/watch?v=pB-5XG-DbAA
Unholy,Sam Smith & Kim Petras,1,https://www.youtube.com/watch?v=Uq9gPaIzbe8
Back To The Streets,Saweetie Featuring Jhene Aiko,1,https://www.youtube.com/watch?v=n7JigFZ-iZQ
Five More Minutes,Scotty McCreery,1,https://www.youtube.com/watch?v=2dPDBU9MC8c
This Is It,Scotty McCreery,0,https://www.youtube.com/watch?v=4JSd4KfG1vo
Lose You To Love Me,Selena Gomez,1,https://www.youtube.com/watch?v=zlJDTxahav0
The Heart Wants What It Wants,Selena Gomez,1,https://www.youtube.com/watch?v=ij_0p_6qTss
Hands To Myself,Selena Gomez,0,https://www.youtube.com/watch?v=FMlcn-_jpWY
Same Old Love,Selena Gomez,1,https://www.youtube.com/watch?v=9h30Bx4Klxg
Good For You,Selena Gomez Featuring A$AP Rocky,1,https://www.youtube.com/watch?v=DXKHCgNFk1I
Wolves,Selena Gomez X Marshmello,1,https://www.youtube.com/watch?v=cH4E_t3m3xM
Chantaje,Shakira Featuring Maluma,1,https://www.youtube.com/watch?v=6Mgqbai3fKo
Treat You Better,Shawn Mendes,1,https://www.youtube.com/watch?v=lY2yjAdbvdQ
Mercy,Shawn Mendes,1,https://www.youtube.com/watch?v=KkGVmN68ByU
There's Nothing Holdin' Me Back,Shawn Mendes,0,https://www.youtube.com/watch?v=dT2owtxkU8k
Stitches,Shawn Mendes,1,https://www.youtube.com/watch?v=VbfpW0pbvaU
I Know What You Did Last Summer,Shawn Mendes & Camila Cabello,1,https://www.youtube.com/watch?v=ngORmvyvAaI
Senorita,Shawn Mendes & Camila Cabello,1,https://www.youtube.com/watch?v=Pkh8UtuejGw
Monster,Shawn Mendes & Justin Bieber,1,https://www.youtube.com/watch?v=MPbUaIZAaeA
Lost In Japan,Shawn Mendes X Zedd,1,https://www.youtube.com/watch?v=u9_mcVlcVII
Mo Bamba,Sheck Wes,1,https://www.youtube.com/watch?v=VWoIpDVkOH0
Unstoppable,Sia,0,https://www.youtube.com/watch?v=YaEG2aWJnZ8
Chandelier,Sia,1,https://www.youtube.com/watch?v=2vjPBrBU-TM
The Greatest,Sia Featuring Kendrick Lamar,1,https://www.youtube.com/watch?v=sG6aWhZnbfw
Cheap Thrills,Sia Featuring Sean Paul,1,https://www.youtube.com/watch?v=nYh-n7EOtMA
Watch Me,Silento,1,https://www.youtube.com/watch?v=vjW8wmF5VWc
Leave The Door Open,Silk Sonic (Bruno Mars & Anderson .Paak),0,https://www.youtube.com/watch?v=adLGHcj_fmA
Smokin Out The Window,Silk Sonic (Bruno Mars & Anderson .Paak),1,https://www.youtube.com/watch?v=GG7fLOmlhYg
Where Are U Now,Skrillex & Diplo With Justin Bieber,1,https://www.youtube.com/watch?v=nntGTK2Fhb0
Until I Found You,Stephen Sanchez,1,https://www.youtube.com/watch?v=GxldQ9eX2wo
Just Hold On,Steve Aoki & Louis Tomlinson,1,https://www.youtube.com/watch?v=Vt4Tq89R8u0
Bad Habit,Steve Lacy,1,https://www.youtube.com/watch?v=VF-FGf_ZZiI
Playing Games,Summer Walker,1,https://www.youtube.com/watch?v=SDSXLkD74KE
No Love,Summer Walker & SZA,1,https://www.youtube.com/watch?v=VmB0Q7qkweM
About The Money,T.I. Featuring Young Thug,1,https://www.youtube.com/watch?v=etfIdtm-OC8
Meet Me At Our Spot,THE ANXIETY: WILLOW & Tyler Cole,1,https://www.youtube.com/watch?v=2dTMIH5gCHg
When We,Tank,1,https://www.youtube.com/watch?v=QRF9TgkBCjc
Greedy,Tate McRae,1,https://www.youtube.com/watch?v=To4SWGZkEPk
You Broke Me First.,Tate McRae,1,https://www.youtube.com/watch?v=AG-erEMhumc
Exes,Tate McRae,0,https://www.youtube.com/watch?v=YXt0Nw8xWh0
She's All I Wanna Be,Tate McRae,0,https://www.youtube.com/watch?v=uS_y_65CcpA
The Race,Tay-K,1,https://www.youtube.com/watch?v=OYhXJaEbw7c
Don't Blame Me,Taylor Swift,0,https://www.youtube.com/watch?v=1tuNQVWYLj8
Christmas Tree Farm (Old Timey Version),Taylor Swift,1,https://www.youtube.com/watch?v=7QxxwMsSGhM
Look What You Made Me Do,Taylor Swift,1,https://www.youtube.com/watch?v=3tmd-ClpJxA
Style,Taylor Swift,0,https://www.youtube.com/watch?v=-CmadmM5cOk
...Ready For It?,Taylor Swift,1,https://www.youtube.com/watch?v=wIft-t-MQuE
Cardigan,Taylor Swift,0,https://www.youtube.com/watch?v=K-a8s8OLBSE
Is It Over Now? (Taylor's Version) [From The Vault],Taylor Swift,1,https://www.youtube.com/watch?v=tNxUxm3-658
Message In A Bottle (Taylor's Version) (From The Vault),Taylor Swift,1,https://www.youtube.com/watch?v=cVaG6adE2mA
Wildest Dreams,Taylor Swift,1,https://www.youtube.com/watch?v=IdneKLhsWOQ
Anti-Hero,Taylor Swift,0,https://www.youtube.com/watch?v=b1kbLwvqugk
Shake It Off,Taylor Swift,1,https://www.youtube.com/watch?v=nfWlot6h_JM
You're Losing Me (From The Vault),Taylor Swift,1,https://www.youtube.com/watch?v=pQq9eP5OFhw
'Tis The Damn Season,Taylor Swift,1,https://www.youtube.com/watch?v=WuvhOD-mP8M
Lover,Taylor Swift,0,https://www.youtube.com/watch?v=-BjZmE2gtdo
Cruel Summer,Taylor Swift,1,https://www.youtube.com/watch?v=GrKQvyXpNgc
Willow,Taylor Swift,1,https://www.youtube.com/watch?v=RsEZmictANA
Lavender Haze,Taylor Swift,0,https://www.youtube.com/watch?v=h8DLofLM7No
Blank Space,Taylor Swift,1,https://www.youtube.com/watch?v=e-ORhEE9VVg
Champagne Problems,Taylor Swift,1,https://www.youtube.com/watch?v=wMpqCRF7TKg
All Too Well (Taylor's Version),Taylor Swift,0,https://www.youtube.com/watch?v=9OQBDdNHmXo
End Game,Taylor Swift Featuring Ed Sheeran & Future,1,https://www.youtube.com/watch?v=dfnCAmr569k
"No Body, No Crime",Taylor Swift Featuring HAIM,1,https://www.youtube.com/watch?v=IEPomqor2A8
Lose Control,Teddy Swims,1,https://www.youtube.com/watch?v=GZ3zL7kT6_c
Little Saint Nick,The Beach Boys,1,https://www.youtube.com/watch?v=xp9rK8FmYog
Don't Let Me Down,The Chainsmokers Featuring Daya,1,https://www.youtube.com/watch?v=Io0fBr1XBUA
Closer,The Chainsmokers Featuring Halsey,1,https://www.youtube.com/watch?v=0zGcUoRlhmw
This Feeling,The Chainsmokers Featuring Kelsea Ballerini,1,https://www.youtube.com/watch?v=fKtY_37r1VI
All We Know,The Chainsmokers Featuring Phoebe Ryan,1,https://www.youtube.com/watch?v=7mWQ38SpEf8
Roses,The Chainsmokers Featuring Rozes,1,https://www.youtube.com/watch?v=G5Mv2iV0wkU
Without You,The Kid LAROI,1,https://www.youtube.com/watch?v=SJOKlqJho8U
Stay,The Kid LAROI & Justin Bieber,1,https://www.youtube.com/watch?v=kTJczUoc26U
Sleigh Ride,The Ronettes,1,https://www.youtube.com/watch?v=DkXIJe8CaIc
Can't Feel My Face,The Weeknd,1,https://www.youtube.com/watch?v=KEI4qSrkPAs
Take My Breath,The Weeknd,0,https://www.youtube.com/watch?v=rhTl_OyehF8
Six Feet Under,The Weeknd,1,https://www.youtube.com/watch?v=EgCX1vzkD54
Reminder,The Weeknd,1,https://www.youtube.com/watch?v=JZjAg6fK-BQ
Blinding Lights,The Weeknd,1,https://www.youtube.com/watch?v=4NRXx6U8ABQ
Party Monster,The Weeknd,0,https://www.youtube.com/watch?v=diW6jXhLE0E
Often,The Weeknd,0,https://www.youtube.com/watch?v=JPIhUaONiLU
The Hills,The Weeknd,1,https://www.youtube.com/watch?v=yzTuBuRdAyA
In The Night,The Weeknd,1,https://www.youtube.com/watch?v=2iFa5We6zqw
Sacrifice,The Weeknd,0,https://www.youtube.com/watch?v=VafTMsrnSTU
Heartless,The Weeknd,1,https://www.youtube.com/watch?v=MebxOSsP6yk
Save Your Tears,The Weeknd & Ariana Grande,0,https://www.youtube.com/watch?v=LIIDh-qI9oI
Die For You,The Weeknd & Ariana Grande,1,https://www.youtube.com/watch?v=P92JDJBTVQM
I Feel It Coming,The Weeknd Featuring Daft Punk,1,https://www.youtube.com/watch?v=qFLhGq0060w
Starboy,The Weeknd Featuring Daft Punk,1,https://www.youtube.com/watch?v=34Na4j8AVgA
Sidewalks,The Weeknd Featuring Kendrick Lamar,1,https://www.youtube.com/watch?v=sK-T-cmznY8
Marry Me,Thomas Rhett,1,https://www.youtube.com/watch?v=p_IwENcMPOA
Star Of The Show,Thomas Rhett,1,https://www.youtube.com/watch?v=w8O-XzhtKGs
Sixteen,Thomas Rhett,1,https://www.youtube.com/watch?v=nPYRBsGMKOU
Remember You Young,Thomas Rhett,1,https://www.youtube.com/watch?v=f5pHiXBt8UU
Die A Happy Man,Thomas Rhett,0,https://www.youtube.com/watch?v=w2CELiObPeQ
Make Me Wanna,Thomas Rhett,0,https://www.youtube.com/watch?v=UPNDK46QiRM
"You're A Mean One, Mr. Grinch",Thurl Ravenscroft,1,https://www.youtube.com/watch?v=nytpYtLtHpE
Top Of The World,Tim McGraw,1,https://www.youtube.com/watch?v=DRjOBvnpXVU
How I'll Always Be,Tim McGraw,1,https://www.youtube.com/watch?v=XSbnrPSuwQY
Shotgun Rider,Tim McGraw,1,https://www.youtube.com/watch?v=BkpuLMsDn48
Dance Monkey,Tones And I,1,https://www.youtube.com/watch?v=q0hyYWKXF0Q
Hollow,Tori Kelly,1,https://www.youtube.com/watch?v=nsbcKoRAiF4
Say It,Tory Lanez,1,https://www.youtube.com/watch?v=xUq1rZ7mmns
Talk To Me,Tory Lanez & Rich The Kid,1,https://www.youtube.com/watch?v=_PuaYfhX4RQ
Habits (Stay High),Tove Lo,1,https://www.youtube.com/watch?v=oh2LWWORoiM
Play That Song,Train,1,https://www.youtube.com/watch?v=J5qWnG5RQTk
Goosebumps,Travis Scott,0,https://www.youtube.com/watch?v=Dst9gZkq1a8
Sicko Mode,Travis Scott,1,https://www.youtube.com/watch?v=6ONRf7h3Mdk
Highest In The Room,Travis Scott,0,https://www.youtube.com/watch?v=tfSS1e3kYeo
HIGHEST IN THE ROOM,Travis Scott,1,https://www.youtube.com/watch?v=tfSS1e3kYeo
Antidote,Travis Scott,0,https://www.youtube.com/watch?v=KnZ8h3MRuYg
Falling,Trevor Daniel,1,https://www.youtube.com/watch?v=L7mfjvdnPno
"Touchin, Lovin",Trey Songz Featuring Nicki Minaj,1,https://www.youtube.com/watch?v=cEmrvCiEapM
Death,Trippie Redd Featuring DaBaby,1,https://www.youtube.com/watch?v=TmtMS7Ri1tc
Dark Knight Dummo,Trippie Redd Featuring Travis Scott,1,https://www.youtube.com/watch?v=wrvN87l3s08
Blase,Ty Dolla $ign Featuring Future & Rae Sremmurd,1,https://www.youtube.com/watch?v=TzXz-xLB1-0
Water,Tyla,1,https://www.youtube.com/watch?v=XoiOOiuH8iI
I Don't Mind,Usher Featuring Juicy J,1,https://www.youtube.com/watch?v=nSKUXqJ5l1k
Good Good,"Usher, Summer Walker & 21 Savage",1,https://www.youtube.com/watch?v=7jA-tE-4BYI
Riptide,Vance Joy,1,https://www.youtube.com/watch?v=uJ_1HMAGb4k
On My Mama,Victoria Monet,1,https://www.youtube.com/watch?v=KdJ-Qwu3y4Y
Christmastime Is Here,Vince Guaraldi Trio,1,https://www.youtube.com/watch?v=4PzetPqepXA
Linus And Lucy (Peanuts Theme),Vince Guaraldi Trio,1,https://www.youtube.com/watch?v=x6zypc_LhnM
Shut Up And Dance,WALK THE MOON,1,https://www.youtube.com/watch?v=6JCLY0Rlx6Q
On Chill,Wale Featuring Jeremih,1,https://www.youtube.com/watch?v=iX9ICUr1yEw
Fancy Like,Walker Hayes,1,https://www.youtube.com/watch?v=G_zuB-ogIBw
You Broke Up With Me,Walker Hayes,1,https://www.youtube.com/watch?v=A56p-ZSZ5Vc
Pretty Little Poison,Warren Zeiders,1,https://www.youtube.com/watch?v=DhCJtYIMPno
Last Christmas,Wham!,1,https://www.youtube.com/watch?v=E8gmARGvPlI
See You Again,Wiz Khalifa Featuring Charlie Puth,1,https://www.youtube.com/watch?v=RgKAFK5djSk
Unsteady,X Ambassadors,1,https://www.youtube.com/watch?v=V0lw3qylVfY
BAD!,XXXTENTACION,1,https://www.youtube.com/watch?v=gVqcUi9tpCw
F**k Love,XXXTENTACION Featuring Trippie Redd,1,https://www.youtube.com/watch?v=JcWOSgImiRw
Arms Around You,XXXTENTACION x Lil Pump Featuring Maluma & Swae Lee,1,https://www.youtube.com/watch?v=tLNOce4Y4uc
La Diabla,Xavi,1,https://www.youtube.com/watch?v=HfzbN5ky5Co
La Victima,Xavi,1,https://www.youtube.com/watch?v=Mi-NXEGjAvg
Rubbin Off The Paint,YBN Nahmir,1,https://www.youtube.com/watch?v=AsfVZqZhtUQ
223's,YNW Melly & 9lokknine,1,https://www.youtube.com/watch?v=5L0ZiQNURTM
Suicidal,YNW Melly & Juice WRLD,1,https://www.youtube.com/watch?v=-V2PxXsctV0
Juice,Yo Gotti,1,https://www.youtube.com/watch?v=r5g85U5lJso
Down In The DM,Yo Gotti Featuring Nicki Minaj,1,https://www.youtube.com/watch?v=YXSpXO4N-tI
OOOUUU,Young M.A,1,https://www.youtube.com/watch?v=gVf_4Ns3qLU
Best Friend,Young Thug,1,https://www.youtube.com/watch?v=Tz6OUIjtM6E
Pick Up The Phone,Young Thug And Travis Scott Featuring Quavo,1,https://www.youtube.com/watch?v=mZDinQ92OZQ
Hot,Young Thug Featuring Gunna,1,https://www.youtube.com/watch?v=leJNDpm_G10
Bubbly,Young Thug With Drake & Travis Scott,1,https://www.youtube.com/watch?v=uCDE-S1AjuQ
No Smoke,YoungBoy Never Broke Again,1,https://www.youtube.com/watch?v=K3uMMjZGhnI
You're Mines Still,Yung Bleu Featuring Drake,1,https://www.youtube.com/watch?v=_bptrMV3zHE
Same Boat,Zac Brown Band,1,https://www.youtube.com/watch?v=_uHXS36LKNE
Beautiful Drug,Zac Brown Band,0,https://www.youtube.com/watch?v=jrhYJLT7XoU
Something In The Orange,Zach Bryan,1,https://www.youtube.com/watch?v=lA8F9sIhGdg
I Remember Everything,Zach Bryan Featuring Kacey Musgraves,1,https://www.youtube.com/watch?v=ZVVvJjwzl6c
Hey Driver,Zach Bryan Featuring The War And Treaty,1,https://www.youtube.com/watch?v=o8LTi_zkGuY
Juju On That Beat (TZ Anthem),Zay Hilfigerrr & Zayion McCall,1,https://www.youtube.com/watch?v=a2v_zGWawP0
I Don't Wanna Live Forever (Fifty Shades Darker),Zayn / Taylor Swift,1,https://www.youtube.com/watch?v=7F37r50VUTQ
Dusk Till Dawn,Zayn Featuring Sia,1,https://www.youtube.com/watch?v=tt2k8PGm-TI
Eastside,"benny blanco, Halsey & Khalid",1,https://www.youtube.com/watch?v=56WBK4ZK_cw
Hot Girl Bummer,blackbear,1,https://www.youtube.com/watch?v=5cPW0ggFq04
Here With Me,d4vd,0,https://www.youtube.com/watch?v=Ip6cw8gfHHI
Romantic Homicide,d4vd,1,https://www.youtube.com/watch?v=eKL3TceSxvk
I Hate U I Love U,gnash Featuring Olivia O'Brien,1,https://www.youtube.com/watch?v=BiQIc7fG9pA
Hit The Quan,iLoveMemphis,1,https://www.youtube.com/watch?v=JrCUEjSzLAk
Stressed Out,twenty one pilots,1,https://www.youtube.com/watch?v=pXRviuL6vMY
Heathens,twenty one pilots,0,https://www.youtube.com/watch?v=UprcpdwuwCg
